Workbook
Name Slicer_Perf_Score: #N/A
Name Slicer_Salary: #N/A

Sheet Sheet3

Sheet Employee_Data
A1: Emp ID | B1: Full Name | C1: Dept Code | D1: Hire Date | E1: Salary | F1: Perf_Score | G1: Employment Status | H1: Department Name | I1: Years of Service | J1: Performance Band | K1: Bonus percentage | L1: Eligible Bonus Amount | M1: Attrition
A2: EMP127 | B2: Emily Brown | C2: IT02 | D2: 43093 | E2: 50361 | F2: 52 | G2: ACTIVE | H2: =_xlfn.XLOOKUP(UPPER(TRIM(C2)), Lookup_Departments!$A$2:$A$6, Lookup_Departments!$B$2:$B$6, "Unknown Dept") -> Information Technology | I2: =DATEDIF(Table3[[#This Row],[Hire Date]],TODAY(),"Y") -> 8 | J2: =_xlfn.XLOOKUP(Table3[[#This Row],[Perf_Score]],Table2[Min_Score],Table2[Performance_Band],"N/A",-1) -> Developing | K2: =_xlfn.XLOOKUP(Table3[[#This Row],[Performance Band]],Table2[Performance_Band],Table2[Bonus_Percentage],"N/A",0) -> 0.02 | L2: =Table3[[#This Row],[Salary]]*Table3[[#This Row],[Bonus percentage]] -> 1007.22 | M2: {=_xlfn.IFS(Table3[[#This Row],[Employment Status]]="LEFT","YES",Table3[[#This Row],[Employment Status]]="RESIGNED","YES","TRUE","NO")} -> NO
A3: EMP046 | B3: Richard Hernandez | C3: MKT04 | D3: 44659 | E3: 112673 | F3: 68.077465 | G3: ACTIVE | H3: =_xlfn.XLOOKUP(UPPER(TRIM(C3)), Lookup_Departments!$A$2:$A$6, Lookup_Departments!$B$2:$B$6, "Unknown Dept") -> Marketing | I3: =DATEDIF(Table3[[#This Row],[Hire Date]],TODAY(),"Y") -> 4 | J3: =_xlfn.XLOOKUP(Table3[[#This Row],[Perf_Score]],Table2[Min_Score],Table2[Performance_Band],"N/A",-1) -> Developing | K3: =_xlfn.XLOOKUP(Table3[[#This Row],[Performance Band]],Table2[Performance_Band],Table2[Bonus_Percentage],"N/A",0) -> 0.02 | L3: =Table3[[#This Row],[Salary]]*Table3[[#This Row],[Bonus percentage]] -> 2253.46 | M3: {=_xlfn.IFS(Table3[[#This Row],[Employment Status]]="LEFT","YES",Table3[[#This Row],[Employment Status]]="RESIGNED","YES","TRUE","NO")} -> NO
A4: EMP134 | B4: Emily Gonzalez | C4: IT02 | D4: 42431 | E4: $114,425 | F4: 54 | G4: LEFT | H4: =_xlfn.XLOOKUP(UPPER(TRIM(C4)), Lookup_Departments!$A$2:$A$6, Lookup_Departments!$B$2:$B$6, "Unknown Dept") -> Information Technology | I4: =DATEDIF(Table3[[#This Row],[Hire Date]],TODAY(),"Y") -> 10 | J4: =_xlfn.XLOOKUP(Table3[[#This Row],[Perf_Score]],Table2[Min_Score],Table2[Performance_Band],"N/A",-1) -> Developing | K4: =_xlfn.XLOOKUP(Table3[[#This Row],[Performance Band]],Table2[Performance_Band],Table2[Bonus_Percentage],"N/A",0) -> 0.02 | L4: =Table3[[#This Row],[Salary]]*Table3[[#This Row],[Bonus percentage]] -> 2288.5 | M4: {=_xlfn.IFS(Table3[[#This Row],[Employment Status]]="LEFT","YES",Table3[[#This Row],[Employment Status]]="RESIGNED","YES","TRUE","NO")} -> YES
A5: EMP139 | B5: John Martinez | C5: FIN03 | D5: 45110 | E5: 103831 | F5: 70 | G5: ACTIVE | H5: =_xlfn.XLOOKUP(UPPER(TRIM(C5)), Lookup_Departments!$A$2:$A$6, Lookup_Departments!$B$2:$B$6, "Unknown Dept") -> Finance | I5: =DATEDIF(Table3[[#This Row],[Hire Date]],TODAY(),"Y") -> 3 | J5: =_xlfn.XLOOKUP(Table3[[#This Row],[Perf_Score]],Table2[Min_Score],Table2[Performance_Band],"N/A",-1) -> Achieving | K5: =_xlfn.XLOOKUP(Table3[[#This Row],[Performance Band]],Table2[Performance_Band],Table2[Bonus_Percentage],"N/A",0) -> 0.05 | L5: =Table3[[#This Row],[Salary]]*Table3[[#This Row],[Bonus percentage]] -> 5191.55 | M5: {=_xlfn.IFS(Table3[[#This Row],[Employment Status]]="LEFT","YES",Table3[[#This Row],[Employment Status]]="RESIGNED","YES","TRUE","NO")} -> NO
A6: EMP112 | B6: Thomas Smith | C6: IT02 | D6: 44977 | E6: 73785 | F6: 40 | G6: LEFT | H6: =_xlfn.XLOOKUP(UPPER(TRIM(C6)), Lookup_Departments!$A$2:$A$6, Lookup_Departments!$B$2:$B$6, "Unknown Dept") -> Information Technology | I6: =DATEDIF(Table3[[#This Row],[Hire Date]],TODAY(),"Y") -> 3 | J6: =_xlfn.XLOOKUP(Table3[[#This Row],[Perf_Score]],Table2[Min_Score],Table2[Performance_Band],"N/A",-1) -> Needs Improvement | K6: =_xlfn.XLOOKUP(Table3[[#This Row],[Performance Band]],Table2[Performance_Band],Table2[Bonus_Percentage],"N/A",0) -> 0 | L6: =Table3[[#This Row],[Salary]]*Table3[[#This Row],[Bonus percentage]] -> 0 | M6: {=_xlfn.IFS(Table3[[#This Row],[Employment Status]]="LEFT","YES",Table3[[#This Row],[Employment Status]]="RESIGNED","YES","TRUE","NO")} -> YES
A7: EMP030 | B7: Emily Johnson | C7: OPS06 | D7: 43892 | E7: 115882 | F7: 49 | G7: ACTIVE | H7: =_xlfn.XLOOKUP(UPPER(TRIM(C7)), Lookup_Departments!$A$2:$A$6, Lookup_Departments!$B$2:$B$6, "Unknown Dept") -> Unknown Dept | I7: =DATEDIF(Table3[[#This Row],[Hire Date]],TODAY(),"Y") -> 6 | J7: =_xlfn.XLOOKUP(Table3[[#This Row],[Perf_Score]],Table2[Min_Score],Table2[Performance_Band],"N/A",-1) -> Needs Improvement | K7: =_xlfn.XLOOKUP(Table3[[#This Row],[Performance Band]],Table2[Performance_Band],Table2[Bonus_Percentage],"N/A",0) -> 0 | L7: =Table3[[#This Row],[Salary]]*Table3[[#This Row],[Bonus percentage]] -> 0 | M7: {=_xlfn.IFS(Table3[[#This Row],[Employment Status]]="LEFT","YES",Table3[[#This Row],[Employment Status]]="RESIGNED","YES","TRUE","NO")} -> NO
A8: EMP096 | B8: John Wilson | C8: OPS06 | D8: 45272 | E8: 59980 | F8: 70 | G8: LEFT | H8: =_xlfn.XLOOKUP(UPPER(TRIM(C8)), Lookup_Departments!$A$2:$A$6, Lookup_Departments!$B$2:$B$6, "Unknown Dept") -> Unknown Dept | I8: =DATEDIF(Table3[[#This Row],[Hire Date]],TODAY(),"Y") -> 2 | J8: =_xlfn.XLOOKUP(Table3[[#This Row],[Perf_Score]],Table2[Min_Score],Table2[Performance_Band],"N/A",-1) -> Achieving | K8: =_xlfn.XLOOKUP(Table3[[#This Row],[Performance Band]],Table2[Performance_Band],Table2[Bonus_Percentage],"N/A",0) -> 0.05 | L8: =Table3[[#This Row],[Salary]]*Table3[[#This Row],[Bonus percentage]] -> 2999 | M8: {=_xlfn.IFS(Table3[[#This Row],[Employment Status]]="LEFT","YES",Table3[[#This Row],[Employment Status]]="RESIGNED","YES","TRUE","NO")} -> YES
A9: EMP098 | B9: Jessica Smith | C9: OPS06 | D9: 44174 | E9: 68728 | F9: 45 | G9: ACTIVE | H9: =_xlfn.XLOOKUP(UPPER(TRIM(C9)), Lookup_Departments!$A$2:$A$6, Lookup_Departments!$B$2:$B$6, "Unknown Dept") -> Unknown Dept | I9: =DATEDIF(Table3[[#This Row],[Hire Date]],TODAY(),"Y") -> 5 | J9: =_xlfn.XLOOKUP(Table3[[#This Row],[Perf_Score]],Table2[Min_Score],Table2[Performance_Band],"N/A",-1) -> Needs Improvement | K9: =_xlfn.XLOOKUP(Table3[[#This Row],[Performance Band]],Table2[Performance_Band],Table2[Bonus_Percentage],"N/A",0) -> 0 | L9: =Table3[[#This Row],[Salary]]*Table3[[#This Row],[Bonus percentage]] -> 0 | M9: {=_xlfn.IFS(Table3[[#This Row],[Employment Status]]="LEFT","YES",Table3[[#This Row],[Employment Status]]="RESIGNED","YES","TRUE","NO")} -> NO
A10: EMP095 | B10: N/A Rodriguez | C10: FIN03 | D10: 43107 | E10: 102139 | F10: 79 | G10: ACTIVE | H10: =_xlfn.XLOOKUP(UPPER(TRIM(C10)), Lookup_Departments!$A$2:$A$6, Lookup_Departments!$B$2:$B$6, "Unknown Dept") -> Finance | I10: =DATEDIF(Table3[[#This Row],[Hire Date]],TODAY(),"Y") -> 8 | J10: =_xlfn.XLOOKUP(Table3[[#This Row],[Perf_Score]],Table2[Min_Score],Table2[Performance_Band],"N/A",-1) -> Achieving | K10: =_xlfn.XLOOKUP(Table3[[#This Row],[Performance Band]],Table2[Performance_Band],Table2[Bonus_Percentage],"N/A",0) -> 0.05 | L10: =Table3[[#This Row],[Salary]]*Table3[[#This Row],[Bonus percentage]] -> 5106.95 | M10: {=_xlfn.IFS(Table3[[#This Row],[Employment Status]]="LEFT","YES",Table3[[#This Row],[Employment Status]]="RESIGNED","YES","TRUE","NO")} -> NO
A11: EMP140 | B11: Michael Martinez | C11: SAL05 | D11: 42676 | E11: 94998 | F11: 58 | G11: ACTIVE | H11: =_xlfn.XLOOKUP(UPPER(TRIM(C11)), Lookup_Departments!$A$2:$A$6, Lookup_Departments!$B$2:$B$6, "Unknown Dept") -> Sales | I11: =DATEDIF(Table3[[#This Row],[Hire Date]],TODAY(),"Y") -> 9 | J11: =_xlfn.XLOOKUP(Table3[[#This Row],[Perf_Score]],Table2[Min_Score],Table2[Performance_Band],"N/A",-1) -> Developing | K11: =_xlfn.XLOOKUP(Table3[[#This Row],[Performance Band]],Table2[Performance_Band],Table2[Bonus_Percentage],"N/A",0) -> 0.02 | L11: =Table3[[#This Row],[Salary]]*Table3[[#This Row],[Bonus percentage]] -> 1899.96 | M11: {=_xlfn.IFS(Table3[[#This Row],[Employment Status]]="LEFT","YES",Table3[[#This Row],[Employment Status]]="RESIGNED","YES","TRUE","NO")} -> NO
A12: EMP020 | B12: Emily Miller | C12: sal05 | D12: 43911 | E12: $118,635 | F12: 49 | G12: ACTIVE | H12: =_xlfn.XLOOKUP(UPPER(TRIM(C12)), Lookup_Departments!$A$2:$A$6, Lookup_Departments!$B$2:$B$6, "Unknown Dept") -> Sales | I12: =DATEDIF(Table3[[#This Row],[Hire Date]],TODAY(),"Y") -> 6 | J12: =_xlfn.XLOOKUP(Table3[[#This Row],[Perf_Score]],Table2[Min_Score],Table2[Performance_Band],"N/A",-1) -> Needs Improvement | K12: =_xlfn.XLOOKUP(Table3[[#This Row],[Performance Band]],Table2[Performance_Band],Table2[Bonus_Percentage],"N/A",0) -> 0 | L12: =Table3[[#This Row],[Salary]]*Table3[[#This Row],[Bonus percentage]] -> 0 | M12: {=_xlfn.IFS(Table3[[#This Row],[Employment Status]]="LEFT","YES",Table3[[#This Row],[Employment Status]]="RESIGNED","YES","TRUE","NO")} -> NO
A13: EMP057 | B13: Emily Hernandez | C13: IT02 | D13: 42425 | E13: 76918 | F13: 62 | G13: ACTIVE | H13: =_xlfn.XLOOKUP(UPPER(TRIM(C13)), Lookup_Departments!$A$2:$A$6, Lookup_Departments!$B$2:$B$6, "Unknown Dept") -> Information Technology | I13: =DATEDIF(Table3[[#This Row],[Hire Date]],TODAY(),"Y") -> 10 | J13: =_xlfn.XLOOKUP(Table3[[#This Row],[Perf_Score]],Table2[Min_Score],Table2[Performance_Band],"N/A",-1) -> Developing | K13: =_xlfn.XLOOKUP(Table3[[#This Row],[Performance Band]],Table2[Performance_Band],Table2[Bonus_Percentage],"N/A",0) -> 0.02 | L13: =Table3[[#This Row],[Salary]]*Table3[[#This Row],[Bonus percentage]] -> 1538.36 | M13: {=_xlfn.IFS(Table3[[#This Row],[Employment Status]]="LEFT","YES",Table3[[#This Row],[Employment Status]]="RESIGNED","YES","TRUE","NO")} -> NO
A14: EMP016 | B14: Jane Williams | C14: mkt04 | D14: 44364 | E14: 61408 | F14: 48 | G14: ACTIVE | H14: =_xlfn.XLOOKUP(UPPER(TRIM(C14)), Lookup_Departments!$A$2:$A$6, Lookup_Departments!$B$2:$B$6, "Unknown Dept") -> Marketing | I14: =DATEDIF(Table3[[#This Row],[Hire Date]],TODAY(),"Y") -> 5 | J14: =_xlfn.XLOOKUP(Table3[[#This Row],[Perf_Score]],Table2[Min_Score],Table2[Performance_Band],"N/A",-1) -> Needs Improvement | K14: =_xlfn.XLOOKUP(Table3[[#This Row],[Performance Band]],Table2[Performance_Band],Table2[Bonus_Percentage],"N/A",0) -> 0 | L14: =Table3[[#This Row],[Salary]]*Table3[[#This Row],[Bonus percentage]] -> 0 | M14: {=_xlfn.IFS(Table3[[#This Row],[Employment Status]]="LEFT","YES",Table3[[#This Row],[Employment Status]]="RESIGNED","YES","TRUE","NO")} -> NO
A15: EMP070 | B15: Jane Miller | C15: MKT04 | D15: 44001 | E15: 99990 | F15: 54 | G15: ACTIVE | H15: =_xlfn.XLOOKUP(UPPER(TRIM(C15)), Lookup_Departments!$A$2:$A$6, Lookup_Departments!$B$2:$B$6, "Unknown Dept") -> Marketing | I15: =DATEDIF(Table3[[#This Row],[Hire Date]],TODAY(),"Y") -> 6 | J15: =_xlfn.XLOOKUP(Table3[[#This Row],[Perf_Score]],Table2[Min_Score],Table2[Performance_Band],"N/A",-1) -> Developing | K15: =_xlfn.XLOOKUP(Table3[[#This Row],[Performance Band]],Table2[Performance_Band],Table2[Bonus_Percentage],"N/A",0) -> 0.02 | L15: =Table3[[#This Row],[Salary]]*Table3[[#This Row],[Bonus percentage]] -> 1999.8 | M15: {=_xlfn.IFS(Table3[[#This Row],[Employment Status]]="LEFT","YES",Table3[[#This Row],[Employment Status]]="RESIGNED","YES","TRUE","NO")} -> NO
A16: EMP025 | B16: Robert Jones | C16: MKT04 | D16: 43820 | E16: 80385 | F16: 68.077465 | G16: ACTIVE | H16: =_xlfn.XLOOKUP(UPPER(TRIM(C16)), Lookup_Departments!$A$2:$A$6, Lookup_Departments!$B$2:$B$6, "Unknown Dept") -> Marketing | I16: =DATEDIF(Table3[[#This Row],[Hire Date]],TODAY(),"Y") -> 6 | J16: =_xlfn.XLOOKUP(Table3[[#This Row],[Perf_Score]],Table2[Min_Score],Table2[Performance_Band],"N/A",-1) -> Developing | K16: =_xlfn.XLOOKUP(Table3[[#This Row],[Performance Band]],Table2[Performance_Band],Table2[Bonus_Percentage],"N/A",0) -> 0.02 | L16: =Table3[[#This Row],[Salary]]*Table3[[#This Row],[Bonus percentage]] -> 1607.7 | M16: {=_xlfn.IFS(Table3[[#This Row],[Employment Status]]="LEFT","YES",Table3[[#This Row],[Employment Status]]="RESIGNED","YES","TRUE","NO")} -> NO
A17: EMP031 | B17: Thomas Rodriguez | C17: SAL05 | D17: 45169 | E17: 65290 | F17: 77 | G17: ACTIVE | H17: =_xlfn.XLOOKUP(UPPER(TRIM(C17)), Lookup_Departments!$A$2:$A$6, Lookup_Departments!$B$2:$B$6, "Unknown Dept") -> Sales | I17: =DATEDIF(Table3[[#This Row],[Hire Date]],TODAY(),"Y") -> 2 | J17: =_xlfn.XLOOKUP(Table3[[#This Row],[Perf_Score]],Table2[Min_Score],Table2[Performance_Band],"N/A",-1) -> Achieving | K17: =_xlfn.XLOOKUP(Table3[[#This Row],[Performance Band]],Table2[Performance_Band],Table2[Bonus_Percentage],"N/A",0) -> 0.05 | L17: =Table3[[#This Row],[Salary]]*Table3[[#This Row],[Bonus percentage]] -> 3264.5 | M17: {=_xlfn.IFS(Table3[[#This Row],[Employment Status]]="LEFT","YES",Table3[[#This Row],[Employment Status]]="RESIGNED","YES","TRUE","NO")} -> NO
A18: EMP126 | B18: Emily Davis | C18: IT02 | D18: 42337 | E18: 105765 | F18: 42 | G18: ACTIVE | H18: =_xlfn.XLOOKUP(UPPER(TRIM(C18)), Lookup_Departments!$A$2:$A$6, Lookup_Departments!$B$2:$B$6, "Unknown Dept") -> Information Technology | I18: =DATEDIF(Table3[[#This Row],[Hire Date]],TODAY(),"Y") -> 10 | J18: =_xlfn.XLOOKUP(Table3[[#This Row],[Perf_Score]],Table2[Min_Score],Table2[Performance_Band],"N/A",-1) -> Needs Improvement | K18: =_xlfn.XLOOKUP(Table3[[#This Row],[Performance Band]],Table2[Performance_Band],Table2[Bonus_Percentage],"N/A",0) -> 0 | L18: =Table3[[#This Row],[Salary]]*Table3[[#This Row],[Bonus percentage]] -> 0 | M18: {=_xlfn.IFS(Table3[[#This Row],[Employment Status]]="LEFT","YES",Table3[[#This Row],[Employment Status]]="RESIGNED","YES","TRUE","NO")} -> NO
A19: EMP109 | B19: James Martinez | C19: SAL05 | D19: 42899 | E19: 102921 | F19: 49 | G19: ACTIVE | H19: =_xlfn.XLOOKUP(UPPER(TRIM(C19)), Lookup_Departments!$A$2:$A$6, Lookup_Departments!$B$2:$B$6, "Unknown Dept") -> Sales | I19: =DATEDIF(Table3[[#This Row],[Hire Date]],TODAY(),"Y") -> 9 | J19: =_xlfn.XLOOKUP(Table3[[#This Row],[Perf_Score]],Table2[Min_Score],Table2[Performance_Band],"N/A",-1) -> Needs Improvement | K19: =_xlfn.XLOOKUP(Table3[[#This Row],[Performance Band]],Table2[Performance_Band],Table2[Bonus_Percentage],"N/A",0) -> 0 | L19: =Table3[[#This Row],[Salary]]*Table3[[#This Row],[Bonus percentage]] -> 0 | M19: {=_xlfn.IFS(Table3[[#This Row],[Employment Status]]="LEFT","YES",Table3[[#This Row],[Employment Status]]="RESIGNED","YES","TRUE","NO")} -> NO
A20: EMP066 | B20: Ashley Lopez | C20: MKT04 | D20: 42425 | E20: 73984 | F20: 93 | G20: ACTIVE | H20: =_xlfn.XLOOKUP(UPPER(TRIM(C20)), Lookup_Departments!$A$2:$A$6, Lookup_Departments!$B$2:$B$6, "Unknown Dept") -> Marketing | I20: =DATEDIF(Table3[[#This Row],[Hire Date]],TODAY(),"Y") -> 10 | J20: =_xlfn.XLOOKUP(Table3[[#This Row],[Perf_Score]],Table2[Min_Score],Table2[Performance_Band],"N/A",-1) -> Exceeding | K20: =_xlfn.XLOOKUP(Table3[[#This Row],[Performance Band]],Table2[Performance_Band],Table2[Bonus_Percentage],"N/A",0) -> 0.08 | L20: =Table3[[#This Row],[Salary]]*Table3[[#This Row],[Bonus percentage]] -> 5918.72 | M20: {=_xlfn.IFS(Table3[[#This Row],[Employment Status]]="LEFT","YES",Table3[[#This Row],[Employment Status]]="RESIGNED","YES","TRUE","NO")} -> NO
A21: EMP120 | B21: Amanda Gonzalez | C21: IT02 | D21: 43235 | E21: 82713 | F21: 75 | G21: ACTIVE | H21: =_xlfn.XLOOKUP(UPPER(TRIM(C21)), Lookup_Departments!$A$2:$A$6, Lookup_Departments!$B$2:$B$6, "Unknown Dept") -> Information Technology | I21: =DATEDIF(Table3[[#This Row],[Hire Date]],TODAY(),"Y") -> 8 | J21: =_xlfn.XLOOKUP(Table3[[#This Row],[Perf_Score]],Table2[Min_Score],Table2[Performance_Band],"N/A",-1) -> Achieving | K21: =_xlfn.XLOOKUP(Table3[[#This Row],[Performance Band]],Table2[Performance_Band],Table2[Bonus_Percentage],"N/A",0) -> 0.05 | L21: =Table3[[#This Row],[Salary]]*Table3[[#This Row],[Bonus percentage]] -> 4135.65 | M21: {=_xlfn.IFS(Table3[[#This Row],[Employment Status]]="LEFT","YES",Table3[[#This Row],[Employment Status]]="RESIGNED","YES","TRUE","NO")} -> NO
A22: EMP019 | B22: Michael Hernandez | C22: FIN03 | D22: 42575 | E22: 118527 | F22: 50 | G22: ACTIVE | H22: =_xlfn.XLOOKUP(UPPER(TRIM(C22)), Lookup_Departments!$A$2:$A$6, Lookup_Departments!$B$2:$B$6, "Unknown Dept") -> Finance | I22: =DATEDIF(Table3[[#This Row],[Hire Date]],TODAY(),"Y") -> 9 | J22: =_xlfn.XLOOKUP(Table3[[#This Row],[Perf_Score]],Table2[Min_Score],Table2[Performance_Band],"N/A",-1) -> Developing | K22: =_xlfn.XLOOKUP(Table3[[#This Row],[Performance Band]],Table2[Performance_Band],Table2[Bonus_Percentage],"N/A",0) -> 0.02 | L22: =Table3[[#This Row],[Salary]]*Table3[[#This Row],[Bonus percentage]] -> 2370.54 | M22: {=_xlfn.IFS(Table3[[#This Row],[Employment Status]]="LEFT","YES",Table3[[#This Row],[Employment Status]]="RESIGNED","YES","TRUE","NO")} -> NO
A23: EMP013 | B23: Richard Hernandez | C23: MKT04 | D23: 43076 | E23: 107871 | F23: 88 | G23: ACTIVE | H23: =_xlfn.XLOOKUP(UPPER(TRIM(C23)), Lookup_Departments!$A$2:$A$6, Lookup_Departments!$B$2:$B$6, "Unknown Dept") -> Marketing | I23: =DATEDIF(Table3[[#This Row],[Hire Date]],TODAY(),"Y") -> 8 | J23: =_xlfn.XLOOKUP(Table3[[#This Row],[Perf_Score]],Table2[Min_Score],Table2[Performance_Band],"N/A",-1) -> Exceeding | K23: =_xlfn.XLOOKUP(Table3[[#This Row],[Performance Band]],Table2[Performance_Band],Table2[Bonus_Percentage],"N/A",0) -> 0.08 | L23: =Table3[[#This Row],[Salary]]*Table3[[#This Row],[Bonus percentage]] -> 8629.68 | M23: {=_xlfn.IFS(Table3[[#This Row],[Employment Status]]="LEFT","YES",Table3[[#This Row],[Employment Status]]="RESIGNED","YES","TRUE","NO")} -> NO
A24: EMP010 | B24: Michael Rodriguez | C24: IT02 | D24: 44353 | E24: 93956 | F24: 50 | G24: LEFT | H24: =_xlfn.XLOOKUP(UPPER(TRIM(C24)), Lookup_Departments!$A$2:$A$6, Lookup_Departments!$B$2:$B$6, "Unknown Dept") -> Information Technology | I24: =DATEDIF(Table3[[#This Row],[Hire Date]],TODAY(),"Y") -> 5 | J24: =_xlfn.XLOOKUP(Table3[[#This Row],[Perf_Score]],Table2[Min_Score],Table2[Performance_Band],"N/A",-1) -> Developing | K24: =_xlfn.XLOOKUP(Table3[[#This Row],[Performance Band]],Table2[Performance_Band],Table2[Bonus_Percentage],"N/A",0) -> 0.02 | L24: =Table3[[#This Row],[Salary]]*Table3[[#This Row],[Bonus percentage]] -> 1879.12 | M24: {=_xlfn.IFS(Table3[[#This Row],[Employment Status]]="LEFT","YES",Table3[[#This Row],[Employment Status]]="RESIGNED","YES","TRUE","NO")} -> YES
... A27: EMP052 | B27: Ashley Williams | C27: SAL05 | D27: 44728 | E27: 81205 | F27: 59 | G27: ACTIVE | H27: =_xlfn.XLOOKUP(UPPER(TRIM(C27)), Lookup_Departments!$A$2:$A$6, Lookup_Departments!$B$2:$B$6, "Unknown Dept") -> Sales | I27: =DATEDIF(Table3[[#This Row],[Hire Date]],TODAY(),"Y") -> 4 | J27: =_xlfn.XLOOKUP(Table3[[#This Row],[Perf_Score]],Table2[Min_Score],Table2[Performance_Band],"N/A",-1) -> Developing | K27: =_xlfn.XLOOKUP(Table3[[#This Row],[Performance Band]],Table2[Performance_Band],Table2[Bonus_Percentage],"N/A",0) -> 0.02 | L27: =Table3[[#This Row],[Salary]]*Table3[[#This Row],[Bonus percentage]] -> 1624.1 | M27: {=_xlfn.IFS(Table3[[#This Row],[Employment Status]]="LEFT","YES",Table3[[#This Row],[Employment Status]]="RESIGNED","YES","TRUE","NO")} -> NO
A28: EMP129 | B28: John Wilson | C28: SAL05 | D28: 45134 | E28: $77,610 | F28: 88 | G28: ACTIVE | H28: =_xlfn.XLOOKUP(UPPER(TRIM(C28)), Lookup_Departments!$A$2:$A$6, Lookup_Departments!$B$2:$B$6, "Unknown Dept") -> Sales | I28: =DATEDIF(Table3[[#This Row],[Hire Date]],TODAY(),"Y") -> 2 | J28: =_xlfn.XLOOKUP(Table3[[#This Row],[Perf_Score]],Table2[Min_Score],Table2[Performance_Band],"N/A",-1) -> Exceeding | K28: =_xlfn.XLOOKUP(Table3[[#This Row],[Performance Band]],Table2[Performance_Band],Table2[Bonus_Percentage],"N/A",0) -> 0.08 | L28: =Table3[[#This Row],[Salary]]*Table3[[#This Row],[Bonus percentage]] -> 6208.8 | M28: {=_xlfn.IFS(Table3[[#This Row],[Employment Status]]="LEFT","YES",Table3[[#This Row],[Employment Status]]="RESIGNED","YES","TRUE","NO")} -> NO
A29: EMP146 | B29: Thomas Rodriguez | C29: it02 | D29: 43732 | E29: $50,873 | F29: 90 | G29: ACTIVE | H29: =_xlfn.XLOOKUP(UPPER(TRIM(C29)), Lookup_Departments!$A$2:$A$6, Lookup_Departments!$B$2:$B$6, "Unknown Dept") -> Information Technology | I29: =DATEDIF(Table3[[#This Row],[Hire Date]],TODAY(),"Y") -> 6 | J29: =_xlfn.XLOOKUP(Table3[[#This Row],[Perf_Score]],Table2[Min_Score],Table2[Performance_Band],"N/A",-1) -> Exceeding | K29: =_xlfn.XLOOKUP(Table3[[#This Row],[Performance Band]],Table2[Performance_Band],Table2[Bonus_Percentage],"N/A",0) -> 0.08 | L29: =Table3[[#This Row],[Salary]]*Table3[[#This Row],[Bonus percentage]] -> 4069.84 | M29: {=_xlfn.IFS(Table3[[#This Row],[Employment Status]]="LEFT","YES",Table3[[#This Row],[Employment Status]]="RESIGNED","YES","TRUE","NO")} -> NO
A30: EMP099 | B30: Michael Wilson | C30: fin03 | D30: 44765 | E30: 85312 | F30: 66 | G30: ACTIVE | H30: =_xlfn.XLOOKUP(UPPER(TRIM(C30)), Lookup_Departments!$A$2:$A$6, Lookup_Departments!$B$2:$B$6, "Unknown Dept") -> Finance | I30: =DATEDIF(Table3[[#This Row],[Hire Date]],TODAY(),"Y") -> 3 | J30: =_xlfn.XLOOKUP(Table3[[#This Row],[Perf_Score]],Table2[Min_Score],Table2[Performance_Band],"N/A",-1) -> Developing | K30: =_xlfn.XLOOKUP(Table3[[#This Row],[Performance Band]],Table2[Performance_Band],Table2[Bonus_Percentage],"N/A",0) -> 0.02 | L30: =Table3[[#This Row],[Salary]]*Table3[[#This Row],[Bonus percentage]] -> 1706.24 | M30: {=_xlfn.IFS(Table3[[#This Row],[Employment Status]]="LEFT","YES",Table3[[#This Row],[Employment Status]]="RESIGNED","YES","TRUE","NO")} -> NO
A31: EMP015 | B31: John Rodriguez | C31: SAL05 | D31: 43233 | E31: 82713 | F31: 68 | G31: ACTIVE | H31: =_xlfn.XLOOKUP(UPPER(TRIM(C31)), Lookup_Departments!$A$2:$A$6, Lookup_Departments!$B$2:$B$6, "Unknown Dept") -> Sales | I31: =DATEDIF(Table3[[#This Row],[Hire Date]],TODAY(),"Y") -> 8 | J31: =_xlfn.XLOOKUP(Table3[[#This Row],[Perf_Score]],Table2[Min_Score],Table2[Performance_Band],"N/A",-1) -> Developing | K31: =_xlfn.XLOOKUP(Table3[[#This Row],[Performance Band]],Table2[Performance_Band],Table2[Bonus_Percentage],"N/A",0) -> 0.02 | L31: =Table3[[#This Row],[Salary]]*Table3[[#This Row],[Bonus percentage]] -> 1654.26 | M31: {=_xlfn.IFS(Table3[[#This Row],[Employment Status]]="LEFT","YES",Table3[[#This Row],[Employment Status]]="RESIGNED","YES","TRUE","NO")} -> NO
A32: EMP076 | B32: Thomas Hernandez | C32: OPS06 | D32: 42202 | E32: 97055 | F32: 80 | G32: ACTIVE | H32: =_xlfn.XLOOKUP(UPPER(TRIM(C32)), Lookup_Departments!$A$2:$A$6, Lookup_Departments!$B$2:$B$6, "Unknown Dept") -> Unknown Dept | I32: =DATEDIF(Table3[[#This Row],[Hire Date]],TODAY(),"Y") -> 10 | J32: =_xlfn.XLOOKUP(Table3[[#This Row],[Perf_Score]],Table2[Min_Score],Table2[Performance_Band],"N/A",-1) -> Achieving | K32: =_xlfn.XLOOKUP(Table3[[#This Row],[Performance Band]],Table2[Performance_Band],Table2[Bonus_Percentage],"N/A",0) -> 0.05 | L32: =Table3[[#This Row],[Salary]]*Table3[[#This Row],[Bonus percentage]] -> 4852.75 | M32: {=_xlfn.IFS(Table3[[#This Row],[Employment Status]]="LEFT","YES",Table3[[#This Row],[Employment Status]]="RESIGNED","YES","TRUE","NO")} -> NO
A33: EMP137 | B33: Michael Johnson | C33: IT02 | D33: 42221 | E33: 66069 | F33: 72 | G33: ACTIVE | H33: =_xlfn.XLOOKUP(UPPER(TRIM(C33)), Lookup_Departments!$A$2:$A$6, Lookup_Departments!$B$2:$B$6, "Unknown Dept") -> Information Technology | I33: =DATEDIF(Table3[[#This Row],[Hire Date]],TODAY(),"Y") -> 10 | J33: =_xlfn.XLOOKUP(Table3[[#This Row],[Perf_Score]],Table2[Min_Score],Table2[Performance_Band],"N/A",-1) -> Achieving | K33: =_xlfn.XLOOKUP(Table3[[#This Row],[Performance Band]],Table2[Performance_Band],Table2[Bonus_Percentage],"N/A",0) -> 0.05 | L33: =Table3[[#This Row],[Salary]]*Table3[[#This Row],[Bonus percentage]] -> 3303.45 | M33: {=_xlfn.IFS(Table3[[#This Row],[Employment Status]]="LEFT","YES",Table3[[#This Row],[Employment Status]]="RESIGNED","YES","TRUE","NO")} -> NO
A34: EMP056 | B34: Sarah Brown | C34: it02 | D34: 45195 | E34: 90157 | F34: 58 | G34: ACTIVE | H34: =_xlfn.XLOOKUP(UPPER(TRIM(C34)), Lookup_Departments!$A$2:$A$6, Lookup_Departments!$B$2:$B$6, "Unknown Dept") -> Information Technology | I34: =DATEDIF(Table3[[#This Row],[Hire Date]],TODAY(),"Y") -> 2 | J34: =_xlfn.XLOOKUP(Table3[[#This Row],[Perf_Score]],Table2[Min_Score],Table2[Performance_Band],"N/A",-1) -> Developing | K34: =_xlfn.XLOOKUP(Table3[[#This Row],[Performance Band]],Table2[Performance_Band],Table2[Bonus_Percentage],"N/A",0) -> 0.02 | L34: =Table3[[#This Row],[Salary]]*Table3[[#This Row],[Bonus percentage]] -> 1803.14 | M34: {=_xlfn.IFS(Table3[[#This Row],[Employment Status]]="LEFT","YES",Table3[[#This Row],[Employment Status]]="RESIGNED","YES","TRUE","NO")} -> NO
A35: EMP125 | B35: Jane Martinez | C35: HR01 | D35: 43626 | E35: 59899 | F35: 78 | G35: ACTIVE | H35: =_xlfn.XLOOKUP(UPPER(TRIM(C35)), Lookup_Departments!$A$2:$A$6, Lookup_Departments!$B$2:$B$6, "Unknown Dept") -> Human Resources | I35: =DATEDIF(Table3[[#This Row],[Hire Date]],TODAY(),"Y") -> 7 | J35: =_xlfn.XLOOKUP(Table3[[#This Row],[Perf_Score]],Table2[Min_Score],Table2[Performance_Band],"N/A",-1) -> Achieving | K35: =_xlfn.XLOOKUP(Table3[[#This Row],[Performance Band]],Table2[Performance_Band],Table2[Bonus_Percentage],"N/A",0) -> 0.05 | L35: =Table3[[#This Row],[Salary]]*Table3[[#This Row],[Bonus percentage]] -> 2994.95 | M35: {=_xlfn.IFS(Table3[[#This Row],[Employment Status]]="LEFT","YES",Table3[[#This Row],[Employment Status]]="RESIGNED","YES","TRUE","NO")} -> NO
A36: EMP085 | B36: Emily Jones | C36: FIN03 | D36: 44578 | E36: 113389 | F36: 30 | G36: ACTIVE | H36: =_xlfn.XLOOKUP(UPPER(TRIM(C36)), Lookup_Departments!$A$2:$A$6, Lookup_Departments!$B$2:$B$6, "Unknown Dept") -> Finance | I36: =DATEDIF(Table3[[#This Row],[Hire Date]],TODAY(),"Y") -> 4 | J36: =_xlfn.XLOOKUP(Table3[[#This Row],[Perf_Score]],Table2[Min_Score],Table2[Performance_Band],"N/A",-1) -> Needs Improvement | K36: =_xlfn.XLOOKUP(Table3[[#This Row],[Performance Band]],Table2[Performance_Band],Table2[Bonus_Percentage],"N/A",0) -> 0 | L36: =Table3[[#This Row],[Salary]]*Table3[[#This Row],[Bonus percentage]] -> 0 | M36: {=_xlfn.IFS(Table3[[#This Row],[Employment Status]]="LEFT","YES",Table3[[#This Row],[Employment Status]]="RESIGNED","YES","TRUE","NO")} -> NO
A37: EMP106 | B37: Emily Jones | C37: IT02 | D37: 42919 | E37: 102691 | F37: 52 | G37: ACTIVE | H37: =_xlfn.XLOOKUP(UPPER(TRIM(C37)), Lookup_Departments!$A$2:$A$6, Lookup_Departments!$B$2:$B$6, "Unknown Dept") -> Information Technology | I37: =DATEDIF(Table3[[#This Row],[Hire Date]],TODAY(),"Y") -> 9 | J37: =_xlfn.XLOOKUP(Table3[[#This Row],[Perf_Score]],Table2[Min_Score],Table2[Performance_Band],"N/A",-1) -> Developing | K37: =_xlfn.XLOOKUP(Table3[[#This Row],[Performance Band]],Table2[Performance_Band],Table2[Bonus_Percentage],"N/A",0) -> 0.02 | L37: =Table3[[#This Row],[Salary]]*Table3[[#This Row],[Bonus percentage]] -> 2053.82 | M37: {=_xlfn.IFS(Table3[[#This Row],[Employment Status]]="LEFT","YES",Table3[[#This Row],[Employment Status]]="RESIGNED","YES","TRUE","NO")} -> NO
A38: EMP043 | B38: John Wilson | C38: OPS06 | D38: 42248 | E38: 111845 | F38: 98 | G38: ACTIVE | H38: =_xlfn.XLOOKUP(UPPER(TRIM(C38)), Lookup_Departments!$A$2:$A$6, Lookup_Departments!$B$2:$B$6, "Unknown Dept") -> Unknown Dept | I38: =DATEDIF(Table3[[#This Row],[Hire Date]],TODAY(),"Y") -> 10 | J38: =_xlfn.XLOOKUP(Table3[[#This Row],[Perf_Score]],Table2[Min_Score],Table2[Performance_Band],"N/A",-1) -> Outstanding | K38: =_xlfn.XLOOKUP(Table3[[#This Row],[Performance Band]],Table2[Performance_Band],Table2[Bonus_Percentage],"N/A",0) -> 0.12 | L38: =Table3[[#This Row],[Salary]]*Table3[[#This Row],[Bonus percentage]] -> 13421.4 | M38: {=_xlfn.IFS(Table3[[#This Row],[Employment Status]]="LEFT","YES",Table3[[#This Row],[Employment Status]]="RESIGNED","YES","TRUE","NO")} -> NO
A39: EMP068 | B39: Melissa Brown | C39: SAL05 | D39: 44776 | E39: 69219 | F39: 93 | G39: ACTIVE | H39: =_xlfn.XLOOKUP(UPPER(TRIM(C39)), Lookup_Departments!$A$2:$A$6, Lookup_Departments!$B$2:$B$6, "Unknown Dept") -> Sales | I39: =DATEDIF(Table3[[#This Row],[Hire Date]],TODAY(),"Y") -> 3 | J39: =_xlfn.XLOOKUP(Table3[[#This Row],[Perf_Score]],Table2[Min_Score],Table2[Performance_Band],"N/A",-1) -> Exceeding | K39: =_xlfn.XLOOKUP(Table3[[#This Row],[Performance Band]],Table2[Performance_Band],Table2[Bonus_Percentage],"N/A",0) -> 0.08 | L39: =Table3[[#This Row],[Salary]]*Table3[[#This Row],[Bonus percentage]] -> 5537.52 | M39: {=_xlfn.IFS(Table3[[#This Row],[Employment Status]]="LEFT","YES",Table3[[#This Row],[Employment Status]]="RESIGNED","YES","TRUE","NO")} -> NO
A40: EMP128 | B40: Michael Smith | C40: FIN03 | D40: 44741 | E40: 82713 | F40: 80 | G40: LEFT | H40: =_xlfn.XLOOKUP(UPPER(TRIM(C40)), Lookup_Departments!$A$2:$A$6, Lookup_Departments!$B$2:$B$6, "Unknown Dept") -> Finance | I40: =DATEDIF(Table3[[#This Row],[Hire Date]],TODAY(),"Y") -> 4 | J40: =_xlfn.XLOOKUP(Table3[[#This Row],[Perf_Score]],Table2[Min_Score],Table2[Performance_Band],"N/A",-1) -> Achieving | K40: =_xlfn.XLOOKUP(Table3[[#This Row],[Performance Band]],Table2[Performance_Band],Table2[Bonus_Percentage],"N/A",0) -> 0.05 | L40: =Table3[[#This Row],[Salary]]*Table3[[#This Row],[Bonus percentage]] -> 4135.65 | M40: {=_xlfn.IFS(Table3[[#This Row],[Employment Status]]="LEFT","YES",Table3[[#This Row],[Employment Status]]="RESIGNED","YES","TRUE","NO")} -> YES
A41: EMP027 | B41: Sarah Miller | C41: OPS06 | D41: 43949 | E41: 57514 | F41: 68.077465 | G41: ACTIVE | H41: =_xlfn.XLOOKUP(UPPER(TRIM(C41)), Lookup_Departments!$A$2:$A$6, Lookup_Departments!$B$2:$B$6, "Unknown Dept") -> Unknown Dept | I41: =DATEDIF(Table3[[#This Row],[Hire Date]],TODAY(),"Y") -> 6 | J41: =_xlfn.XLOOKUP(Table3[[#This Row],[Perf_Score]],Table2[Min_Score],Table2[Performance_Band],"N/A",-1) -> Developing | K41: =_xlfn.XLOOKUP(Table3[[#This Row],[Performance Band]],Table2[Performance_Band],Table2[Bonus_Percentage],"N/A",0) -> 0.02 | L41: =Table3[[#This Row],[Salary]]*Table3[[#This Row],[Bonus percentage]] -> 1150.28 | M41: {=_xlfn.IFS(Table3[[#This Row],[Employment Status]]="LEFT","YES",Table3[[#This Row],[Employment Status]]="RESIGNED","YES","TRUE","NO")} -> NO
... A43: EMP079 | B43: David Hernandez | C43: SAL05 | D43: 43181 | E43: 52407 | F43: 55 | G43: ACTIVE | H43: =_xlfn.XLOOKUP(UPPER(TRIM(C43)), Lookup_Departments!$A$2:$A$6, Lookup_Departments!$B$2:$B$6, "Unknown Dept") -> Sales | I43: =DATEDIF(Table3[[#This Row],[Hire Date]],TODAY(),"Y") -> 8 | J43: =_xlfn.XLOOKUP(Table3[[#This Row],[Perf_Score]],Table2[Min_Score],Table2[Performance_Band],"N/A",-1) -> Developing | K43: =_xlfn.XLOOKUP(Table3[[#This Row],[Performance Band]],Table2[Performance_Band],Table2[Bonus_Percentage],"N/A",0) -> 0.02 | L43: =Table3[[#This Row],[Salary]]*Table3[[#This Row],[Bonus percentage]] -> 1048.14 | M43: {=_xlfn.IFS(Table3[[#This Row],[Employment Status]]="LEFT","YES",Table3[[#This Row],[Employment Status]]="RESIGNED","YES","TRUE","NO")} -> NO
A44: EMP149 | B44: James Smith | C44: OPS06 | D44: 43958 | E44: $66,606 | F44: 93 | G44: RESIGNED | H44: =_xlfn.XLOOKUP(UPPER(TRIM(C44)), Lookup_Departments!$A$2:$A$6, Lookup_Departments!$B$2:$B$6, "Unknown Dept") -> Unknown Dept | I44: =DATEDIF(Table3[[#This Row],[Hire Date]],TODAY(),"Y") -> 6 | J44: =_xlfn.XLOOKUP(Table3[[#This Row],[Perf_Score]],Table2[Min_Score],Table2[Performance_Band],"N/A",-1) -> Exceeding | K44: =_xlfn.XLOOKUP(Table3[[#This Row],[Performance Band]],Table2[Performance_Band],Table2[Bonus_Percentage],"N/A",0) -> 0.08 | L44: =Table3[[#This Row],[Salary]]*Table3[[#This Row],[Bonus percentage]] -> 5328.48 | M44: {=_xlfn.IFS(Table3[[#This Row],[Employment Status]]="LEFT","YES",Table3[[#This Row],[Employment Status]]="RESIGNED","YES","TRUE","NO")} -> YES
A45: EMP037 | B45: Sarah Williams | C45: IT02 | D45: 43549 | E45: 81896 | F45: 79 | G45: RESIGNED | H45: =_xlfn.XLOOKUP(UPPER(TRIM(C45)), Lookup_Departments!$A$2:$A$6, Lookup_Departments!$B$2:$B$6, "Unknown Dept") -> Information Technology | I45: =DATEDIF(Table3[[#This Row],[Hire Date]],TODAY(),"Y") -> 7 | J45: =_xlfn.XLOOKUP(Table3[[#This Row],[Perf_Score]],Table2[Min_Score],Table2[Performance_Band],"N/A",-1) -> Achieving | K45: =_xlfn.XLOOKUP(Table3[[#This Row],[Performance Band]],Table2[Performance_Band],Table2[Bonus_Percentage],"N/A",0) -> 0.05 | L45: =Table3[[#This Row],[Salary]]*Table3[[#This Row],[Bonus percentage]] -> 4094.8 | M45: {=_xlfn.IFS(Table3[[#This Row],[Employment Status]]="LEFT","YES",Table3[[#This Row],[Employment Status]]="RESIGNED","YES","TRUE","NO")} -> YES
A46: EMP077 | B46: Amanda Lopez | C46: SAL05 | D46: 43686 | E46: 78402 | F46: 54 | G46: ACTIVE | H46: =_xlfn.XLOOKUP(UPPER(TRIM(C46)), Lookup_Departments!$A$2:$A$6, Lookup_Departments!$B$2:$B$6, "Unknown Dept") -> Sales | I46: =DATEDIF(Table3[[#This Row],[Hire Date]],TODAY(),"Y") -> 6 | J46: =_xlfn.XLOOKUP(Table3[[#This Row],[Perf_Score]],Table2[Min_Score],Table2[Performance_Band],"N/A",-1) -> Developing | K46: =_xlfn.XLOOKUP(Table3[[#This Row],[Performance Band]],Table2[Performance_Band],Table2[Bonus_Percentage],"N/A",0) -> 0.02 | L46: =Table3[[#This Row],[Salary]]*Table3[[#This Row],[Bonus percentage]] -> 1568.04 | M46: {=_xlfn.IFS(Table3[[#This Row],[Employment Status]]="LEFT","YES",Table3[[#This Row],[Employment Status]]="RESIGNED","YES","TRUE","NO")} -> NO
A47: EMP023 | B47: Thomas Lopez | C47: OPS06 | D47: 42565 | E47: 105498 | F47: 76 | G47: ACTIVE | H47: =_xlfn.XLOOKUP(UPPER(TRIM(C47)), Lookup_Departments!$A$2:$A$6, Lookup_Departments!$B$2:$B$6, "Unknown Dept") -> Unknown Dept | I47: =DATEDIF(Table3[[#This Row],[Hire Date]],TODAY(),"Y") -> 9 | J47: =_xlfn.XLOOKUP(Table3[[#This Row],[Perf_Score]],Table2[Min_Score],Table2[Performance_Band],"N/A",-1) -> Achieving | K47: =_xlfn.XLOOKUP(Table3[[#This Row],[Performance Band]],Table2[Performance_Band],Table2[Bonus_Percentage],"N/A",0) -> 0.05 | L47: =Table3[[#This Row],[Salary]]*Table3[[#This Row],[Bonus percentage]] -> 5274.9 | M47: {=_xlfn.IFS(Table3[[#This Row],[Employment Status]]="LEFT","YES",Table3[[#This Row],[Employment Status]]="RESIGNED","YES","TRUE","NO")} -> NO
A48: EMP133 | B48: Melissa Johnson | C48: MKT04 | D48: 42647 | E48: 91749 | F48: 72 | G48: LEFT | H48: =_xlfn.XLOOKUP(UPPER(TRIM(C48)), Lookup_Departments!$A$2:$A$6, Lookup_Departments!$B$2:$B$6, "Unknown Dept") -> Marketing | I48: =DATEDIF(Table3[[#This Row],[Hire Date]],TODAY(),"Y") -> 9 | J48: =_xlfn.XLOOKUP(Table3[[#This Row],[Perf_Score]],Table2[Min_Score],Table2[Performance_Band],"N/A",-1) -> Achieving | K48: =_xlfn.XLOOKUP(Table3[[#This Row],[Performance Band]],Table2[Performance_Band],Table2[Bonus_Percentage],"N/A",0) -> 0.05 | L48: =Table3[[#This Row],[Salary]]*Table3[[#This Row],[Bonus percentage]] -> 4587.45 | M48: {=_xlfn.IFS(Table3[[#This Row],[Employment Status]]="LEFT","YES",Table3[[#This Row],[Employment Status]]="RESIGNED","YES","TRUE","NO")} -> YES
A49: EMP141 | B49: Amanda Johnson | C49: OPS06 | D49: 43656 | E49: 99935 | F49: 84 | G49: RESIGNED | H49: =_xlfn.XLOOKUP(UPPER(TRIM(C49)), Lookup_Departments!$A$2:$A$6, Lookup_Departments!$B$2:$B$6, "Unknown Dept") -> Unknown Dept | I49: =DATEDIF(Table3[[#This Row],[Hire Date]],TODAY(),"Y") -> 6 | J49: =_xlfn.XLOOKUP(Table3[[#This Row],[Perf_Score]],Table2[Min_Score],Table2[Performance_Band],"N/A",-1) -> Achieving | K49: =_xlfn.XLOOKUP(Table3[[#This Row],[Performance Band]],Table2[Performance_Band],Table2[Bonus_Percentage],"N/A",0) -> 0.05 | L49: =Table3[[#This Row],[Salary]]*Table3[[#This Row],[Bonus percentage]] -> 4996.75 | M49: {=_xlfn.IFS(Table3[[#This Row],[Employment Status]]="LEFT","YES",Table3[[#This Row],[Employment Status]]="RESIGNED","YES","TRUE","NO")} -> YES
A50: EMP012 | B50: John Davis | C50: IT02 | D50: 44437 | E50: 83531 | F50: 30 | G50: LEFT | H50: =_xlfn.XLOOKUP(UPPER(TRIM(C50)), Lookup_Departments!$A$2:$A$6, Lookup_Departments!$B$2:$B$6, "Unknown Dept") -> Information Technology | I50: =DATEDIF(Table3[[#This Row],[Hire Date]],TODAY(),"Y") -> 4 | J50: =_xlfn.XLOOKUP(Table3[[#This Row],[Perf_Score]],Table2[Min_Score],Table2[Performance_Band],"N/A",-1) -> Needs Improvement | K50: =_xlfn.XLOOKUP(Table3[[#This Row],[Performance Band]],Table2[Performance_Band],Table2[Bonus_Percentage],"N/A",0) -> 0 | L50: =Table3[[#This Row],[Salary]]*Table3[[#This Row],[Bonus percentage]] -> 0 | M50: {=_xlfn.IFS(Table3[[#This Row],[Employment Status]]="LEFT","YES",Table3[[#This Row],[Employment Status]]="RESIGNED","YES","TRUE","NO")} -> YES
A51: EMP080 | B51: James Johnson | C51: mkt04 | D51: 42761 | E51: $75,023 | F51: 68.077465 | G51: ACTIVE | H51: =_xlfn.XLOOKUP(UPPER(TRIM(C51)), Lookup_Departments!$A$2:$A$6, Lookup_Departments!$B$2:$B$6, "Unknown Dept") -> Marketing | I51: =DATEDIF(Table3[[#This Row],[Hire Date]],TODAY(),"Y") -> 9 | J51: =_xlfn.XLOOKUP(Table3[[#This Row],[Perf_Score]],Table2[Min_Score],Table2[Performance_Band],"N/A",-1) -> Developing | K51: =_xlfn.XLOOKUP(Table3[[#This Row],[Performance Band]],Table2[Performance_Band],Table2[Bonus_Percentage],"N/A",0) -> 0.02 | L51: =Table3[[#This Row],[Salary]]*Table3[[#This Row],[Bonus percentage]] -> 1500.46 | M51: {=_xlfn.IFS(Table3[[#This Row],[Employment Status]]="LEFT","YES",Table3[[#This Row],[Employment Status]]="RESIGNED","YES","TRUE","NO")} -> NO
A52: EMP069 | B52: Jane Davis | C52: HR01 | D52: 43981 | E52: 93290 | F52: 53 | G52: ACTIVE | H52: =_xlfn.XLOOKUP(UPPER(TRIM(C52)), Lookup_Departments!$A$2:$A$6, Lookup_Departments!$B$2:$B$6, "Unknown Dept") -> Human Resources | I52: =DATEDIF(Table3[[#This Row],[Hire Date]],TODAY(),"Y") -> 6 | J52: =_xlfn.XLOOKUP(Table3[[#This Row],[Perf_Score]],Table2[Min_Score],Table2[Performance_Band],"N/A",-1) -> Developing | K52: =_xlfn.XLOOKUP(Table3[[#This Row],[Performance Band]],Table2[Performance_Band],Table2[Bonus_Percentage],"N/A",0) -> 0.02 | L52: =Table3[[#This Row],[Salary]]*Table3[[#This Row],[Bonus percentage]] -> 1865.8 | M52: {=_xlfn.IFS(Table3[[#This Row],[Employment Status]]="LEFT","YES",Table3[[#This Row],[Employment Status]]="RESIGNED","YES","TRUE","NO")} -> NO
A53: EMP150 | B53: Richard Davis | C53: OPS06 | D53: 44612 | E53: 115527 | F53: 63 | G53: RESIGNED | H53: =_xlfn.XLOOKUP(UPPER(TRIM(C53)), Lookup_Departments!$A$2:$A$6, Lookup_Departments!$B$2:$B$6, "Unknown Dept") -> Unknown Dept | I53: =DATEDIF(Table3[[#This Row],[Hire Date]],TODAY(),"Y") -> 4 | J53: =_xlfn.XLOOKUP(Table3[[#This Row],[Perf_Score]],Table2[Min_Score],Table2[Performance_Band],"N/A",-1) -> Developing | K53: =_xlfn.XLOOKUP(Table3[[#This Row],[Performance Band]],Table2[Performance_Band],Table2[Bonus_Percentage],"N/A",0) -> 0.02 | L53: =Table3[[#This Row],[Salary]]*Table3[[#This Row],[Bonus percentage]] -> 2310.54 | M53: {=_xlfn.IFS(Table3[[#This Row],[Employment Status]]="LEFT","YES",Table3[[#This Row],[Employment Status]]="RESIGNED","YES","TRUE","NO")} -> YES
A54: EMP028 | B54: Thomas Rodriguez | C54: FIN03 | D54: 42628 | E54: 55920 | F54: 84 | G54: ACTIVE | H54: =_xlfn.XLOOKUP(UPPER(TRIM(C54)), Lookup_Departments!$A$2:$A$6, Lookup_Departments!$B$2:$B$6, "Unknown Dept") -> Finance | I54: =DATEDIF(Table3[[#This Row],[Hire Date]],TODAY(),"Y") -> 9 | J54: =_xlfn.XLOOKUP(Table3[[#This Row],[Perf_Score]],Table2[Min_Score],Table2[Performance_Band],"N/A",-1) -> Achieving | K54: =_xlfn.XLOOKUP(Table3[[#This Row],[Performance Band]],Table2[Performance_Band],Table2[Bonus_Percentage],"N/A",0) -> 0.05 | L54: =Table3[[#This Row],[Salary]]*Table3[[#This Row],[Bonus percentage]] -> 2796 | M54: {=_xlfn.IFS(Table3[[#This Row],[Employment Status]]="LEFT","YES",Table3[[#This Row],[Employment Status]]="RESIGNED","YES","TRUE","NO")} -> NO
A55: EMP087 | B55: Emily Johnson | C55: SAL05 | D55: 43656 | E55: 80189 | F55: 30 | G55: ACTIVE | H55: =_xlfn.XLOOKUP(UPPER(TRIM(C55)), Lookup_Departments!$A$2:$A$6, Lookup_Departments!$B$2:$B$6, "Unknown Dept") -> Sales | I55: =DATEDIF(Table3[[#This Row],[Hire Date]],TODAY(),"Y") -> 6 | J55: =_xlfn.XLOOKUP(Table3[[#This Row],[Perf_Score]],Table2[Min_Score],Table2[Performance_Band],"N/A",-1) -> Needs Improvement | K55: =_xlfn.XLOOKUP(Table3[[#This Row],[Performance Band]],Table2[Performance_Band],Table2[Bonus_Percentage],"N/A",0) -> 0 | L55: =Table3[[#This Row],[Salary]]*Table3[[#This Row],[Bonus percentage]] -> 0 | M55: {=_xlfn.IFS(Table3[[#This Row],[Employment Status]]="LEFT","YES",Table3[[#This Row],[Employment Status]]="RESIGNED","YES","TRUE","NO")} -> NO
A56: EMP119 | B56: Emily Garcia | C56: HR01 | D56: 43464 | E56: 118947 | F56: 96 | G56: ACTIVE | H56: =_xlfn.XLOOKUP(UPPER(TRIM(C56)), Lookup_Departments!$A$2:$A$6, Lookup_Departments!$B$2:$B$6, "Unknown Dept") -> Human Resources | I56: =DATEDIF(Table3[[#This Row],[Hire Date]],TODAY(),"Y") -> 7 | J56: =_xlfn.XLOOKUP(Table3[[#This Row],[Perf_Score]],Table2[Min_Score],Table2[Performance_Band],"N/A",-1) -> Outstanding | K56: =_xlfn.XLOOKUP(Table3[[#This Row],[Performance Band]],Table2[Performance_Band],Table2[Bonus_Percentage],"N/A",0) -> 0.12 | L56: =Table3[[#This Row],[Salary]]*Table3[[#This Row],[Bonus percentage]] -> 14273.64 | M56: {=_xlfn.IFS(Table3[[#This Row],[Employment Status]]="LEFT","YES",Table3[[#This Row],[Employment Status]]="RESIGNED","YES","TRUE","NO")} -> NO
A57: EMP042 | B57: Jane Anderson | C57: IT02 | D57: 44189 | E57: 82713 | F57: 54 | G57: ACTIVE | H57: =_xlfn.XLOOKUP(UPPER(TRIM(C57)), Lookup_Departments!$A$2:$A$6, Lookup_Departments!$B$2:$B$6, "Unknown Dept") -> Information Technology | I57: =DATEDIF(Table3[[#This Row],[Hire Date]],TODAY(),"Y") -> 5 | J57: =_xlfn.XLOOKUP(Table3[[#This Row],[Perf_Score]],Table2[Min_Score],Table2[Performance_Band],"N/A",-1) -> Developing | K57: =_xlfn.XLOOKUP(Table3[[#This Row],[Performance Band]],Table2[Performance_Band],Table2[Bonus_Percentage],"N/A",0) -> 0.02 | L57: =Table3[[#This Row],[Salary]]*Table3[[#This Row],[Bonus percentage]] -> 1654.26 | M57: {=_xlfn.IFS(Table3[[#This Row],[Employment Status]]="LEFT","YES",Table3[[#This Row],[Employment Status]]="RESIGNED","YES","TRUE","NO")} -> NO
A58: EMP005 | B58: Thomas Garcia | C58: OPS06 | D58: 45112 | E58: 82713 | F58: 75 | G58: ACTIVE | H58: =_xlfn.XLOOKUP(UPPER(TRIM(C58)), Lookup_Departments!$A$2:$A$6, Lookup_Departments!$B$2:$B$6, "Unknown Dept") -> Unknown Dept | I58: =DATEDIF(Table3[[#This Row],[Hire Date]],TODAY(),"Y") -> 3 | J58: =_xlfn.XLOOKUP(Table3[[#This Row],[Perf_Score]],Table2[Min_Score],Table2[Performance_Band],"N/A",-1) -> Achieving | K58: =_xlfn.XLOOKUP(Table3[[#This Row],[Performance Band]],Table2[Performance_Band],Table2[Bonus_Percentage],"N/A",0) -> 0.05 | L58: =Table3[[#This Row],[Salary]]*Table3[[#This Row],[Bonus percentage]] -> 4135.65 | M58: {=_xlfn.IFS(Table3[[#This Row],[Employment Status]]="LEFT","YES",Table3[[#This Row],[Employment Status]]="RESIGNED","YES","TRUE","NO")} -> NO
A59: EMP033 | B59: David Martinez | C59: hr01 | D59: 44148 | E59: 91655 | F59: 95 | G59: ACTIVE | H59: =_xlfn.XLOOKUP(UPPER(TRIM(C59)), Lookup_Departments!$A$2:$A$6, Lookup_Departments!$B$2:$B$6, "Unknown Dept") -> Human Resources | I59: =DATEDIF(Table3[[#This Row],[Hire Date]],TODAY(),"Y") -> 5 | J59: =_xlfn.XLOOKUP(Table3[[#This Row],[Perf_Score]],Table2[Min_Score],Table2[Performance_Band],"N/A",-1) -> Outstanding | K59: =_xlfn.XLOOKUP(Table3[[#This Row],[Performance Band]],Table2[Performance_Band],Table2[Bonus_Percentage],"N/A",0) -> 0.12 | L59: =Table3[[#This Row],[Salary]]*Table3[[#This Row],[Bonus percentage]] -> 10998.6 | M59: {=_xlfn.IFS(Table3[[#This Row],[Employment Status]]="LEFT","YES",Table3[[#This Row],[Employment Status]]="RESIGNED","YES","TRUE","NO")} -> NO
A60: EMP061 | B60: Emily Brown | C60: IT02 | D60: 43283 | E60: 49435 | F60: 68.077465 | G60: LEFT | H60: =_xlfn.XLOOKUP(UPPER(TRIM(C60)), Lookup_Departments!$A$2:$A$6, Lookup_Departments!$B$2:$B$6, "Unknown Dept") -> Information Technology | I60: =DATEDIF(Table3[[#This Row],[Hire Date]],TODAY(),"Y") -> 8 | J60: =_xlfn.XLOOKUP(Table3[[#This Row],[Perf_Score]],Table2[Min_Score],Table2[Performance_Band],"N/A",-1) -> Developing | K60: =_xlfn.XLOOKUP(Table3[[#This Row],[Performance Band]],Table2[Performance_Band],Table2[Bonus_Percentage],"N/A",0) -> 0.02 | L60: =Table3[[#This Row],[Salary]]*Table3[[#This Row],[Bonus percentage]] -> 988.7 | M60: {=_xlfn.IFS(Table3[[#This Row],[Employment Status]]="LEFT","YES",Table3[[#This Row],[Employment Status]]="RESIGNED","YES","TRUE","NO")} -> YES
A61: EMP102 | B61: Emily Wilson | C61: sal05 | D61: 45255 | E61: 110381 | F61: 93 | G61: ACTIVE | H61: =_xlfn.XLOOKUP(UPPER(TRIM(C61)), Lookup_Departments!$A$2:$A$6, Lookup_Departments!$B$2:$B$6, "Unknown Dept") -> Sales | I61: =DATEDIF(Table3[[#This Row],[Hire Date]],TODAY(),"Y") -> 2 | J61: =_xlfn.XLOOKUP(Table3[[#This Row],[Perf_Score]],Table2[Min_Score],Table2[Performance_Band],"N/A",-1) -> Exceeding | K61: =_xlfn.XLOOKUP(Table3[[#This Row],[Performance Band]],Table2[Performance_Band],Table2[Bonus_Percentage],"N/A",0) -> 0.08 | L61: =Table3[[#This Row],[Salary]]*Table3[[#This Row],[Bonus percentage]] -> 8830.48 | M61: {=_xlfn.IFS(Table3[[#This Row],[Employment Status]]="LEFT","YES",Table3[[#This Row],[Employment Status]]="RESIGNED","YES","TRUE","NO")} -> NO
A62: EMP067 | B62: Michael Anderson | C62: HR01 | D62: 45217 | E62: 114748 | F62: 33 | G62: ACTIVE | H62: =_xlfn.XLOOKUP(UPPER(TRIM(C62)), Lookup_Departments!$A$2:$A$6, Lookup_Departments!$B$2:$B$6, "Unknown Dept") -> Human Resources | I62: =DATEDIF(Table3[[#This Row],[Hire Date]],TODAY(),"Y") -> 2 | J62: =_xlfn.XLOOKUP(Table3[[#This Row],[Perf_Score]],Table2[Min_Score],Table2[Performance_Band],"N/A",-1) -> Needs Improvement | K62: =_xlfn.XLOOKUP(Table3[[#This Row],[Performance Band]],Table2[Performance_Band],Table2[Bonus_Percentage],"N/A",0) -> 0 | L62: =Table3[[#This Row],[Salary]]*Table3[[#This Row],[Bonus percentage]] -> 0 | M62: {=_xlfn.IFS(Table3[[#This Row],[Employment Status]]="LEFT","YES",Table3[[#This Row],[Employment Status]]="RESIGNED","YES","TRUE","NO")} -> NO
A63: EMP017 | B63: Robert Johnson | C63: OPS06 | D63: 44079 | E63: 63302 | F63: 91 | G63: ACTIVE | H63: =_xlfn.XLOOKUP(UPPER(TRIM(C63)), Lookup_Departments!$A$2:$A$6, Lookup_Departments!$B$2:$B$6, "Unknown Dept") -> Unknown Dept | I63: =DATEDIF(Table3[[#This Row],[Hire Date]],TODAY(),"Y") -> 5 | J63: =_xlfn.XLOOKUP(Table3[[#This Row],[Perf_Score]],Table2[Min_Score],Table2[Performance_Band],"N/A",-1) -> Exceeding | K63: =_xlfn.XLOOKUP(Table3[[#This Row],[Performance Band]],Table2[Performance_Band],Table2[Bonus_Percentage],"N/A",0) -> 0.08 | L63: =Table3[[#This Row],[Salary]]*Table3[[#This Row],[Bonus percentage]] -> 5064.16 | M63: {=_xlfn.IFS(Table3[[#This Row],[Employment Status]]="LEFT","YES",Table3[[#This Row],[Employment Status]]="RESIGNED","YES","TRUE","NO")} -> NO
A64: EMP123 | B64: Robert Miller | C64: it02 | D64: 42800 | E64: $75,519 | F64: 64 | G64: ACTIVE | H64: =_xlfn.XLOOKUP(UPPER(TRIM(C64)), Lookup_Departments!$A$2:$A$6, Lookup_Departments!$B$2:$B$6, "Unknown Dept") -> Information Technology | I64: =DATEDIF(Table3[[#This Row],[Hire Date]],TODAY(),"Y") -> 9 | J64: =_xlfn.XLOOKUP(Table3[[#This Row],[Perf_Score]],Table2[Min_Score],Table2[Performance_Band],"N/A",-1) -> Developing | K64: =_xlfn.XLOOKUP(Table3[[#This Row],[Performance Band]],Table2[Performance_Band],Table2[Bonus_Percentage],"N/A",0) -> 0.02 | L64: =Table3[[#This Row],[Salary]]*Table3[[#This Row],[Bonus percentage]] -> 1510.38 | M64: {=_xlfn.IFS(Table3[[#This Row],[Employment Status]]="LEFT","YES",Table3[[#This Row],[Employment Status]]="RESIGNED","YES","TRUE","NO")} -> NO
A65: EMP011 | B65: Jane Davis | C65: FIN03 | D65: 42122 | E65: 103891 | F65: 80 | G65: ACTIVE | H65: =_xlfn.XLOOKUP(UPPER(TRIM(C65)), Lookup_Departments!$A$2:$A$6, Lookup_Departments!$B$2:$B$6, "Unknown Dept") -> Finance | I65: =DATEDIF(Table3[[#This Row],[Hire Date]],TODAY(),"Y") -> 11 | J65: =_xlfn.XLOOKUP(Table3[[#This Row],[Perf_Score]],Table2[Min_Score],Table2[Performance_Band],"N/A",-1) -> Achieving | K65: =_xlfn.XLOOKUP(Table3[[#This Row],[Performance Band]],Table2[Performance_Band],Table2[Bonus_Percentage],"N/A",0) -> 0.05 | L65: =Table3[[#This Row],[Salary]]*Table3[[#This Row],[Bonus percentage]] -> 5194.55 | M65: {=_xlfn.IFS(Table3[[#This Row],[Employment Status]]="LEFT","YES",Table3[[#This Row],[Employment Status]]="RESIGNED","YES","TRUE","NO")} -> NO
A66: EMP091 | B66: Thomas Davis | C66: OPS06 | D66: 42838 | E66: 82713 | F66: 46 | G66: LEFT | H66: =_xlfn.XLOOKUP(UPPER(TRIM(C66)), Lookup_Departments!$A$2:$A$6, Lookup_Departments!$B$2:$B$6, "Unknown Dept") -> Unknown Dept | I66: =DATEDIF(Table3[[#This Row],[Hire Date]],TODAY(),"Y") -> 9 | J66: =_xlfn.XLOOKUP(Table3[[#This Row],[Perf_Score]],Table2[Min_Score],Table2[Performance_Band],"N/A",-1) -> Needs Improvement | K66: =_xlfn.XLOOKUP(Table3[[#This Row],[Performance Band]],Table2[Performance_Band],Table2[Bonus_Percentage],"N/A",0) -> 0 | L66: =Table3[[#This Row],[Salary]]*Table3[[#This Row],[Bonus percentage]] -> 0 | M66: {=_xlfn.IFS(Table3[[#This Row],[Employment Status]]="LEFT","YES",Table3[[#This Row],[Employment Status]]="RESIGNED","YES","TRUE","NO")} -> YES
A67: EMP145 | B67: Thomas Jones | C67: MKT04 | D67: 44827 | E67: $50,936 | F67: 99 | G67: ACTIVE | H67: =_xlfn.XLOOKUP(UPPER(TRIM(C67)), Lookup_Departments!$A$2:$A$6, Lookup_Departments!$B$2:$B$6, "Unknown Dept") -> Marketing | I67: =DATEDIF(Table3[[#This Row],[Hire Date]],TODAY(),"Y") -> 3 | J67: =_xlfn.XLOOKUP(Table3[[#This Row],[Perf_Score]],Table2[Min_Score],Table2[Performance_Band],"N/A",-1) -> Outstanding | K67: =_xlfn.XLOOKUP(Table3[[#This Row],[Performance Band]],Table2[Performance_Band],Table2[Bonus_Percentage],"N/A",0) -> 0.12 | L67: =Table3[[#This Row],[Salary]]*Table3[[#This Row],[Bonus percentage]] -> 6112.32 | M67: {=_xlfn.IFS(Table3[[#This Row],[Employment Status]]="LEFT","YES",Table3[[#This Row],[Employment Status]]="RESIGNED","YES","TRUE","NO")} -> NO
A68: EMP001 | B68: Michael Miller | C68: SAL05 | D68: 42685 | E68: $111,240 | F68: 68.077465 | G68: ACTIVE | H68: =_xlfn.XLOOKUP(UPPER(TRIM(C68)), Lookup_Departments!$A$2:$A$6, Lookup_Departments!$B$2:$B$6, "Unknown Dept") -> Sales | I68: =DATEDIF(Table3[[#This Row],[Hire Date]],TODAY(),"Y") -> 9 | J68: =_xlfn.XLOOKUP(Table3[[#This Row],[Perf_Score]],Table2[Min_Score],Table2[Performance_Band],"N/A",-1) -> Developing | K68: =_xlfn.XLOOKUP(Table3[[#This Row],[Performance Band]],Table2[Performance_Band],Table2[Bonus_Percentage],"N/A",0) -> 0.02 | L68: =Table3[[#This Row],[Salary]]*Table3[[#This Row],[Bonus percentage]] -> 2224.8 | M68: {=_xlfn.IFS(Table3[[#This Row],[Employment Status]]="LEFT","YES",Table3[[#This Row],[Employment Status]]="RESIGNED","YES","TRUE","NO")} -> NO
A69: EMP113 | B69: Richard Gonzalez | C69: HR01 | D69: 42818 | E69: 51567 | F69: 87 | G69: RESIGNED | H69: =_xlfn.XLOOKUP(UPPER(TRIM(C69)), Lookup_Departments!$A$2:$A$6, Lookup_Departments!$B$2:$B$6, "Unknown Dept") -> Human Resources | I69: =DATEDIF(Table3[[#This Row],[Hire Date]],TODAY(),"Y") -> 9 | J69: =_xlfn.XLOOKUP(Table3[[#This Row],[Perf_Score]],Table2[Min_Score],Table2[Performance_Band],"N/A",-1) -> Exceeding | K69: =_xlfn.XLOOKUP(Table3[[#This Row],[Performance Band]],Table2[Performance_Band],Table2[Bonus_Percentage],"N/A",0) -> 0.08 | L69: =Table3[[#This Row],[Salary]]*Table3[[#This Row],[Bonus percentage]] -> 4125.36 | M69: {=_xlfn.IFS(Table3[[#This Row],[Employment Status]]="LEFT","YES",Table3[[#This Row],[Employment Status]]="RESIGNED","YES","TRUE","NO")} -> YES
A70: EMP065 | B70: Melissa Williams | C70: HR01 | D70: 43590 | E70: 82713 | F70: 36 | G70: ACTIVE | H70: =_xlfn.XLOOKUP(UPPER(TRIM(C70)), Lookup_Departments!$A$2:$A$6, Lookup_Departments!$B$2:$B$6, "Unknown Dept") -> Human Resources | I70: =DATEDIF(Table3[[#This Row],[Hire Date]],TODAY(),"Y") -> 7 | J70: =_xlfn.XLOOKUP(Table3[[#This Row],[Perf_Score]],Table2[Min_Score],Table2[Performance_Band],"N/A",-1) -> Needs Improvement | K70: =_xlfn.XLOOKUP(Table3[[#This Row],[Performance Band]],Table2[Performance_Band],Table2[Bonus_Percentage],"N/A",0) -> 0 | L70: =Table3[[#This Row],[Salary]]*Table3[[#This Row],[Bonus percentage]] -> 0 | M70: {=_xlfn.IFS(Table3[[#This Row],[Employment Status]]="LEFT","YES",Table3[[#This Row],[Employment Status]]="RESIGNED","YES","TRUE","NO")} -> NO
A71: EMP045 | B71: Robert Miller | C71: HR01 | D71: 44402 | E71: 55270 | F71: 87 | G71: ACTIVE | H71: =_xlfn.XLOOKUP(UPPER(TRIM(C71)), Lookup_Departments!$A$2:$A$6, Lookup_Departments!$B$2:$B$6, "Unknown Dept") -> Human Resources | I71: =DATEDIF(Table3[[#This Row],[Hire Date]],TODAY(),"Y") -> 4 | J71: =_xlfn.XLOOKUP(Table3[[#This Row],[Perf_Score]],Table2[Min_Score],Table2[Performance_Band],"N/A",-1) -> Exceeding | K71: =_xlfn.XLOOKUP(Table3[[#This Row],[Performance Band]],Table2[Performance_Band],Table2[Bonus_Percentage],"N/A",0) -> 0.08 | L71: =Table3[[#This Row],[Salary]]*Table3[[#This Row],[Bonus percentage]] -> 4421.6 | M71: {=_xlfn.IFS(Table3[[#This Row],[Employment Status]]="LEFT","YES",Table3[[#This Row],[Employment Status]]="RESIGNED","YES","TRUE","NO")} -> NO
A72: EMP083 | B72: William Garcia | C72: SAL05 | D72: 43008 | E72: 65235 | F72: 97 | G72: ACTIVE | H72: =_xlfn.XLOOKUP(UPPER(TRIM(C72)), Lookup_Departments!$A$2:$A$6, Lookup_Departments!$B$2:$B$6, "Unknown Dept") -> Sales | I72: =DATEDIF(Table3[[#This Row],[Hire Date]],TODAY(),"Y") -> 8 | J72: =_xlfn.XLOOKUP(Table3[[#This Row],[Perf_Score]],Table2[Min_Score],Table2[Performance_Band],"N/A",-1) -> Outstanding | K72: =_xlfn.XLOOKUP(Table3[[#This Row],[Performance Band]],Table2[Performance_Band],Table2[Bonus_Percentage],"N/A",0) -> 0.12 | L72: =Table3[[#This Row],[Salary]]*Table3[[#This Row],[Bonus percentage]] -> 7828.2 | M72: {=_xlfn.IFS(Table3[[#This Row],[Employment Status]]="LEFT","YES",Table3[[#This Row],[Employment Status]]="RESIGNED","YES","TRUE","NO")} -> NO
A73: EMP029 | B73: John Gonzalez | C73: SAL05 | D73: 42192 | E73: 82713 | F73: 72 | G73: LEFT | H73: =_xlfn.XLOOKUP(UPPER(TRIM(C73)), Lookup_Departments!$A$2:$A$6, Lookup_Departments!$B$2:$B$6, "Unknown Dept") -> Sales | I73: =DATEDIF(Table3[[#This Row],[Hire Date]],TODAY(),"Y") -> 11 | J73: =_xlfn.XLOOKUP(Table3[[#This Row],[Perf_Score]],Table2[Min_Score],Table2[Performance_Band],"N/A",-1) -> Achieving | K73: =_xlfn.XLOOKUP(Table3[[#This Row],[Performance Band]],Table2[Performance_Band],Table2[Bonus_Percentage],"N/A",0) -> 0.05 | L73: =Table3[[#This Row],[Salary]]*Table3[[#This Row],[Bonus percentage]] -> 4135.65 | M73: {=_xlfn.IFS(Table3[[#This Row],[Employment Status]]="LEFT","YES",Table3[[#This Row],[Employment Status]]="RESIGNED","YES","TRUE","NO")} -> YES
A74: EMP041 | B74: James Gonzalez | C74: sal05 | D74: 43283 | E74: 82713 | F74: 65 | G74: LEFT | H74: =_xlfn.XLOOKUP(UPPER(TRIM(C74)), Lookup_Departments!$A$2:$A$6, Lookup_Departments!$B$2:$B$6, "Unknown Dept") -> Sales | I74: =DATEDIF(Table3[[#This Row],[Hire Date]],TODAY(),"Y") -> 8 | J74: =_xlfn.XLOOKUP(Table3[[#This Row],[Perf_Score]],Table2[Min_Score],Table2[Performance_Band],"N/A",-1) -> Developing | K74: =_xlfn.XLOOKUP(Table3[[#This Row],[Performance Band]],Table2[Performance_Band],Table2[Bonus_Percentage],"N/A",0) -> 0.02 | L74: =Table3[[#This Row],[Salary]]*Table3[[#This Row],[Bonus percentage]] -> 1654.26 | M74: {=_xlfn.IFS(Table3[[#This Row],[Employment Status]]="LEFT","YES",Table3[[#This Row],[Employment Status]]="RESIGNED","YES","TRUE","NO")} -> YES
A75: EMP026 | B75: Jane Gonzalez | C75: SAL05 | D75: 44819 | E75: 82713 | F75: 67 | G75: ACTIVE | H75: =_xlfn.XLOOKUP(UPPER(TRIM(C75)), Lookup_Departments!$A$2:$A$6, Lookup_Departments!$B$2:$B$6, "Unknown Dept") -> Sales | I75: =DATEDIF(Table3[[#This Row],[Hire Date]],TODAY(),"Y") -> 3 | J75: =_xlfn.XLOOKUP(Table3[[#This Row],[Perf_Score]],Table2[Min_Score],Table2[Performance_Band],"N/A",-1) -> Developing | K75: =_xlfn.XLOOKUP(Table3[[#This Row],[Performance Band]],Table2[Performance_Band],Table2[Bonus_Percentage],"N/A",0) -> 0.02 | L75: =Table3[[#This Row],[Salary]]*Table3[[#This Row],[Bonus percentage]] -> 1654.26 | M75: {=_xlfn.IFS(Table3[[#This Row],[Employment Status]]="LEFT","YES",Table3[[#This Row],[Employment Status]]="RESIGNED","YES","TRUE","NO")} -> NO
A76: EMP024 | B76: David Wilson | C76: ops06 | D76: 42800 | E76: 48823 | F76: 34 | G76: ACTIVE | H76: =_xlfn.XLOOKUP(UPPER(TRIM(C76)), Lookup_Departments!$A$2:$A$6, Lookup_Departments!$B$2:$B$6, "Unknown Dept") -> Unknown Dept | I76: =DATEDIF(Table3[[#This Row],[Hire Date]],TODAY(),"Y") -> 9 | J76: =_xlfn.XLOOKUP(Table3[[#This Row],[Perf_Score]],Table2[Min_Score],Table2[Performance_Band],"N/A",-1) -> Needs Improvement | K76: =_xlfn.XLOOKUP(Table3[[#This Row],[Performance Band]],Table2[Performance_Band],Table2[Bonus_Percentage],"N/A",0) -> 0 | L76: =Table3[[#This Row],[Salary]]*Table3[[#This Row],[Bonus percentage]] -> 0 | M76: {=_xlfn.IFS(Table3[[#This Row],[Employment Status]]="LEFT","YES",Table3[[#This Row],[Employment Status]]="RESIGNED","YES","TRUE","NO")} -> NO
A77: EMP111 | B77: Jane Gonzalez | C77: FIN03 | D77: 42249 | E77: 45196 | F77: 78 | G77: LEFT | H77: =_xlfn.XLOOKUP(UPPER(TRIM(C77)), Lookup_Departments!$A$2:$A$6, Lookup_Departments!$B$2:$B$6, "Unknown Dept") -> Finance | I77: =DATEDIF(Table3[[#This Row],[Hire Date]],TODAY(),"Y") -> 10 | J77: =_xlfn.XLOOKUP(Table3[[#This Row],[Perf_Score]],Table2[Min_Score],Table2[Performance_Band],"N/A",-1) -> Achieving | K77: =_xlfn.XLOOKUP(Table3[[#This Row],[Performance Band]],Table2[Performance_Band],Table2[Bonus_Percentage],"N/A",0) -> 0.05 | L77: =Table3[[#This Row],[Salary]]*Table3[[#This Row],[Bonus percentage]] -> 2259.8 | M77: {=_xlfn.IFS(Table3[[#This Row],[Employment Status]]="LEFT","YES",Table3[[#This Row],[Employment Status]]="RESIGNED","YES","TRUE","NO")} -> YES
A78: EMP040 | B78: Jane Rodriguez | C78: IT02 | D78: 42654 | E78: $86,246 | F78: 61 | G78: ACTIVE | H78: =_xlfn.XLOOKUP(UPPER(TRIM(C78)), Lookup_Departments!$A$2:$A$6, Lookup_Departments!$B$2:$B$6, "Unknown Dept") -> Information Technology | I78: =DATEDIF(Table3[[#This Row],[Hire Date]],TODAY(),"Y") -> 9 | J78: =_xlfn.XLOOKUP(Table3[[#This Row],[Perf_Score]],Table2[Min_Score],Table2[Performance_Band],"N/A",-1) -> Developing | K78: =_xlfn.XLOOKUP(Table3[[#This Row],[Performance Band]],Table2[Performance_Band],Table2[Bonus_Percentage],"N/A",0) -> 0.02 | L78: =Table3[[#This Row],[Salary]]*Table3[[#This Row],[Bonus percentage]] -> 1724.92 | M78: {=_xlfn.IFS(Table3[[#This Row],[Employment Status]]="LEFT","YES",Table3[[#This Row],[Employment Status]]="RESIGNED","YES","TRUE","NO")} -> NO
A79: EMP086 | B79: Emily Miller | C79: SAL05 | D79: 43575 | E79: 70359 | F79: 74 | G79: LEFT | H79: =_xlfn.XLOOKUP(UPPER(TRIM(C79)), Lookup_Departments!$A$2:$A$6, Lookup_Departments!$B$2:$B$6, "Unknown Dept") -> Sales | I79: =DATEDIF(Table3[[#This Row],[Hire Date]],TODAY(),"Y") -> 7 | J79: =_xlfn.XLOOKUP(Table3[[#This Row],[Perf_Score]],Table2[Min_Score],Table2[Performance_Band],"N/A",-1) -> Achieving | K79: =_xlfn.XLOOKUP(Table3[[#This Row],[Performance Band]],Table2[Performance_Band],Table2[Bonus_Percentage],"N/A",0) -> 0.05 | L79: =Table3[[#This Row],[Salary]]*Table3[[#This Row],[Bonus percentage]] -> 3517.95 | M79: {=_xlfn.IFS(Table3[[#This Row],[Employment Status]]="LEFT","YES",Table3[[#This Row],[Employment Status]]="RESIGNED","YES","TRUE","NO")} -> YES
A80: EMP124 | B80: Sarah Miller | C80: MKT04 | D80: 42785 | E80: 82713 | F80: 94 | G80: ACTIVE | H80: =_xlfn.XLOOKUP(UPPER(TRIM(C80)), Lookup_Departments!$A$2:$A$6, Lookup_Departments!$B$2:$B$6, "Unknown Dept") -> Marketing | I80: =DATEDIF(Table3[[#This Row],[Hire Date]],TODAY(),"Y") -> 9 | J80: =_xlfn.XLOOKUP(Table3[[#This Row],[Perf_Score]],Table2[Min_Score],Table2[Performance_Band],"N/A",-1) -> Exceeding | K80: =_xlfn.XLOOKUP(Table3[[#This Row],[Performance Band]],Table2[Performance_Band],Table2[Bonus_Percentage],"N/A",0) -> 0.08 | L80: =Table3[[#This Row],[Salary]]*Table3[[#This Row],[Bonus percentage]] -> 6617.04 | M80: {=_xlfn.IFS(Table3[[#This Row],[Employment Status]]="LEFT","YES",Table3[[#This Row],[Employment Status]]="RESIGNED","YES","TRUE","NO")} -> NO
A81: EMP132 | B81: Jessica Garcia | C81: OPS06 | D81: 44386 | E81: 86480 | F81: 68.077465 | G81: ACTIVE | H81: =_xlfn.XLOOKUP(UPPER(TRIM(C81)), Lookup_Departments!$A$2:$A$6, Lookup_Departments!$B$2:$B$6, "Unknown Dept") -> Unknown Dept | I81: =DATEDIF(Table3[[#This Row],[Hire Date]],TODAY(),"Y") -> 4 | J81: =_xlfn.XLOOKUP(Table3[[#This Row],[Perf_Score]],Table2[Min_Score],Table2[Performance_Band],"N/A",-1) -> Developing | K81: =_xlfn.XLOOKUP(Table3[[#This Row],[Performance Band]],Table2[Performance_Band],Table2[Bonus_Percentage],"N/A",0) -> 0.02 | L81: =Table3[[#This Row],[Salary]]*Table3[[#This Row],[Bonus percentage]] -> 1729.6 | M81: {=_xlfn.IFS(Table3[[#This Row],[Employment Status]]="LEFT","YES",Table3[[#This Row],[Employment Status]]="RESIGNED","YES","TRUE","NO")} -> NO
A82: EMP048 | B82: Richard Smith | C82: hr01 | D82: 43599 | E82: $47,694 | F82: 75 | G82: ACTIVE | H82: =_xlfn.XLOOKUP(UPPER(TRIM(C82)), Lookup_Departments!$A$2:$A$6, Lookup_Departments!$B$2:$B$6, "Unknown Dept") -> Human Resources | I82: =DATEDIF(Table3[[#This Row],[Hire Date]],TODAY(),"Y") -> 7 | J82: =_xlfn.XLOOKUP(Table3[[#This Row],[Perf_Score]],Table2[Min_Score],Table2[Performance_Band],"N/A",-1) -> Achieving | K82: =_xlfn.XLOOKUP(Table3[[#This Row],[Performance Band]],Table2[Performance_Band],Table2[Bonus_Percentage],"N/A",0) -> 0.05 | L82: =Table3[[#This Row],[Salary]]*Table3[[#This Row],[Bonus percentage]] -> 2384.7 | M82: {=_xlfn.IFS(Table3[[#This Row],[Employment Status]]="LEFT","YES",Table3[[#This Row],[Employment Status]]="RESIGNED","YES","TRUE","NO")} -> NO
A83: EMP114 | B83: Melissa Wilson | C83: IT02 | D83: 42221 | E83: 83724 | F83: 81 | G83: RESIGNED | H83: =_xlfn.XLOOKUP(UPPER(TRIM(C83)), Lookup_Departments!$A$2:$A$6, Lookup_Departments!$B$2:$B$6, "Unknown Dept") -> Information Technology | I83: =DATEDIF(Table3[[#This Row],[Hire Date]],TODAY(),"Y") -> 10 | J83: =_xlfn.XLOOKUP(Table3[[#This Row],[Perf_Score]],Table2[Min_Score],Table2[Performance_Band],"N/A",-1) -> Achieving | K83: =_xlfn.XLOOKUP(Table3[[#This Row],[Performance Band]],Table2[Performance_Band],Table2[Bonus_Percentage],"N/A",0) -> 0.05 | L83: =Table3[[#This Row],[Salary]]*Table3[[#This Row],[Bonus percentage]] -> 4186.2 | M83: {=_xlfn.IFS(Table3[[#This Row],[Employment Status]]="LEFT","YES",Table3[[#This Row],[Employment Status]]="RESIGNED","YES","TRUE","NO")} -> YES
A84: EMP062 | B84: Thomas Williams | C84: FIN03 | D84: 42330 | E84: 98299 | F84: 61 | G84: ACTIVE | H84: =_xlfn.XLOOKUP(UPPER(TRIM(C84)), Lookup_Departments!$A$2:$A$6, Lookup_Departments!$B$2:$B$6, "Unknown Dept") -> Finance | I84: =DATEDIF(Table3[[#This Row],[Hire Date]],TODAY(),"Y") -> 10 | J84: =_xlfn.XLOOKUP(Table3[[#This Row],[Perf_Score]],Table2[Min_Score],Table2[Performance_Band],"N/A",-1) -> Developing | K84: =_xlfn.XLOOKUP(Table3[[#This Row],[Performance Band]],Table2[Performance_Band],Table2[Bonus_Percentage],"N/A",0) -> 0.02 | L84: =Table3[[#This Row],[Salary]]*Table3[[#This Row],[Bonus percentage]] -> 1965.98 | M84: {=_xlfn.IFS(Table3[[#This Row],[Employment Status]]="LEFT","YES",Table3[[#This Row],[Employment Status]]="RESIGNED","YES","TRUE","NO")} -> NO
A85: EMP074 | B85: David Williams | C85: FIN03 | D85: 43372 | E85: 82713 | F85: 68 | G85: ACTIVE | H85: =_xlfn.XLOOKUP(UPPER(TRIM(C85)), Lookup_Departments!$A$2:$A$6, Lookup_Departments!$B$2:$B$6, "Unknown Dept") -> Finance | I85: =DATEDIF(Table3[[#This Row],[Hire Date]],TODAY(),"Y") -> 7 | J85: =_xlfn.XLOOKUP(Table3[[#This Row],[Perf_Score]],Table2[Min_Score],Table2[Performance_Band],"N/A",-1) -> Developing | K85: =_xlfn.XLOOKUP(Table3[[#This Row],[Performance Band]],Table2[Performance_Band],Table2[Bonus_Percentage],"N/A",0) -> 0.02 | L85: =Table3[[#This Row],[Salary]]*Table3[[#This Row],[Bonus percentage]] -> 1654.26 | M85: {=_xlfn.IFS(Table3[[#This Row],[Employment Status]]="LEFT","YES",Table3[[#This Row],[Employment Status]]="RESIGNED","YES","TRUE","NO")} -> NO
A86: EMP034 | B86: John Johnson | C86: it02 | D86: 45171 | E86: 52287 | F86: 70 | G86: ACTIVE | H86: =_xlfn.XLOOKUP(UPPER(TRIM(C86)), Lookup_Departments!$A$2:$A$6, Lookup_Departments!$B$2:$B$6, "Unknown Dept") -> Information Technology | I86: =DATEDIF(Table3[[#This Row],[Hire Date]],TODAY(),"Y") -> 2 | J86: =_xlfn.XLOOKUP(Table3[[#This Row],[Perf_Score]],Table2[Min_Score],Table2[Performance_Band],"N/A",-1) -> Achieving | K86: =_xlfn.XLOOKUP(Table3[[#This Row],[Performance Band]],Table2[Performance_Band],Table2[Bonus_Percentage],"N/A",0) -> 0.05 | L86: =Table3[[#This Row],[Salary]]*Table3[[#This Row],[Bonus percentage]] -> 2614.35 | M86: {=_xlfn.IFS(Table3[[#This Row],[Employment Status]]="LEFT","YES",Table3[[#This Row],[Employment Status]]="RESIGNED","YES","TRUE","NO")} -> NO
A87: EMP105 | B87: Richard Gonzalez | C87: IT02 | D87: 44759 | E87: 82633 | F87: 98 | G87: ACTIVE | H87: =_xlfn.XLOOKUP(UPPER(TRIM(C87)), Lookup_Departments!$A$2:$A$6, Lookup_Departments!$B$2:$B$6, "Unknown Dept") -> Information Technology | I87: =DATEDIF(Table3[[#This Row],[Hire Date]],TODAY(),"Y") -> 3 | J87: =_xlfn.XLOOKUP(Table3[[#This Row],[Perf_Score]],Table2[Min_Score],Table2[Performance_Band],"N/A",-1) -> Outstanding | K87: =_xlfn.XLOOKUP(Table3[[#This Row],[Performance Band]],Table2[Performance_Band],Table2[Bonus_Percentage],"N/A",0) -> 0.12 | L87: =Table3[[#This Row],[Salary]]*Table3[[#This Row],[Bonus percentage]] -> 9915.96 | M87: {=_xlfn.IFS(Table3[[#This Row],[Employment Status]]="LEFT","YES",Table3[[#This Row],[Employment Status]]="RESIGNED","YES","TRUE","NO")} -> NO
A88: EMP118 | B88: Melissa Anderson | C88: OPS06 | D88: 44234 | E88: 46508 | F88: 34 | G88: ACTIVE | H88: =_xlfn.XLOOKUP(UPPER(TRIM(C88)), Lookup_Departments!$A$2:$A$6, Lookup_Departments!$B$2:$B$6, "Unknown Dept") -> Unknown Dept | I88: =DATEDIF(Table3[[#This Row],[Hire Date]],TODAY(),"Y") -> 5 | J88: =_xlfn.XLOOKUP(Table3[[#This Row],[Perf_Score]],Table2[Min_Score],Table2[Performance_Band],"N/A",-1) -> Needs Improvement | K88: =_xlfn.XLOOKUP(Table3[[#This Row],[Performance Band]],Table2[Performance_Band],Table2[Bonus_Percentage],"N/A",0) -> 0 | L88: =Table3[[#This Row],[Salary]]*Table3[[#This Row],[Bonus percentage]] -> 0 | M88: {=_xlfn.IFS(Table3[[#This Row],[Employment Status]]="LEFT","YES",Table3[[#This Row],[Employment Status]]="RESIGNED","YES","TRUE","NO")} -> NO
A89: EMP063 | B89: Emily Gonzalez | C89: hr01 | D89: 45026 | E89: 86232 | F89: 93 | G89: ACTIVE | H89: =_xlfn.XLOOKUP(UPPER(TRIM(C89)), Lookup_Departments!$A$2:$A$6, Lookup_Departments!$B$2:$B$6, "Unknown Dept") -> Human Resources | I89: =DATEDIF(Table3[[#This Row],[Hire Date]],TODAY(),"Y") -> 3 | J89: =_xlfn.XLOOKUP(Table3[[#This Row],[Perf_Score]],Table2[Min_Score],Table2[Performance_Band],"N/A",-1) -> Exceeding | K89: =_xlfn.XLOOKUP(Table3[[#This Row],[Performance Band]],Table2[Performance_Band],Table2[Bonus_Percentage],"N/A",0) -> 0.08 | L89: =Table3[[#This Row],[Salary]]*Table3[[#This Row],[Bonus percentage]] -> 6898.56 | M89: {=_xlfn.IFS(Table3[[#This Row],[Employment Status]]="LEFT","YES",Table3[[#This Row],[Employment Status]]="RESIGNED","YES","TRUE","NO")} -> NO
A90: EMP094 | B90: Jane Davis | C90: it02 | D90: 44073 | E90: $77,545 | F90: 48 | G90: ACTIVE | H90: =_xlfn.XLOOKUP(UPPER(TRIM(C90)), Lookup_Departments!$A$2:$A$6, Lookup_Departments!$B$2:$B$6, "Unknown Dept") -> Information Technology | I90: =DATEDIF(Table3[[#This Row],[Hire Date]],TODAY(),"Y") -> 5 | J90: =_xlfn.XLOOKUP(Table3[[#This Row],[Perf_Score]],Table2[Min_Score],Table2[Performance_Band],"N/A",-1) -> Needs Improvement | K90: =_xlfn.XLOOKUP(Table3[[#This Row],[Performance Band]],Table2[Performance_Band],Table2[Bonus_Percentage],"N/A",0) -> 0 | L90: =Table3[[#This Row],[Salary]]*Table3[[#This Row],[Bonus percentage]] -> 0 | M90: {=_xlfn.IFS(Table3[[#This Row],[Employment Status]]="LEFT","YES",Table3[[#This Row],[Employment Status]]="RESIGNED","YES","TRUE","NO")} -> NO
A91: EMP097 | B91: William Gonzalez | C91: OPS06 | D91: 44422 | E91: 68683 | F91: 90 | G91: ACTIVE | H91: =_xlfn.XLOOKUP(UPPER(TRIM(C91)), Lookup_Departments!$A$2:$A$6, Lookup_Departments!$B$2:$B$6, "Unknown Dept") -> Unknown Dept | I91: =DATEDIF(Table3[[#This Row],[Hire Date]],TODAY(),"Y") -> 4 | J91: =_xlfn.XLOOKUP(Table3[[#This Row],[Perf_Score]],Table2[Min_Score],Table2[Performance_Band],"N/A",-1) -> Exceeding | K91: =_xlfn.XLOOKUP(Table3[[#This Row],[Performance Band]],Table2[Performance_Band],Table2[Bonus_Percentage],"N/A",0) -> 0.08 | L91: =Table3[[#This Row],[Salary]]*Table3[[#This Row],[Bonus percentage]] -> 5494.64 | M91: {=_xlfn.IFS(Table3[[#This Row],[Employment Status]]="LEFT","YES",Table3[[#This Row],[Employment Status]]="RESIGNED","YES","TRUE","NO")} -> NO
A92: EMP054 | B92: Thomas Jones | C92: FIN03 | D92: 43796 | E92: 83932 | F92: 57 | G92: LEFT | H92: =_xlfn.XLOOKUP(UPPER(TRIM(C92)), Lookup_Departments!$A$2:$A$6, Lookup_Departments!$B$2:$B$6, "Unknown Dept") -> Finance | I92: =DATEDIF(Table3[[#This Row],[Hire Date]],TODAY(),"Y") -> 6 | J92: =_xlfn.XLOOKUP(Table3[[#This Row],[Perf_Score]],Table2[Min_Score],Table2[Performance_Band],"N/A",-1) -> Developing | K92: =_xlfn.XLOOKUP(Table3[[#This Row],[Performance Band]],Table2[Performance_Band],Table2[Bonus_Percentage],"N/A",0) -> 0.02 | L92: =Table3[[#This Row],[Salary]]*Table3[[#This Row],[Bonus percentage]] -> 1678.64 | M92: {=_xlfn.IFS(Table3[[#This Row],[Employment Status]]="LEFT","YES",Table3[[#This Row],[Employment Status]]="RESIGNED","YES","TRUE","NO")} -> YES
A93: EMP006 | B93: Jessica Anderson | C93: HR01 | D93: 42880 | E93: 56073 | F93: 79 | G93: ACTIVE | H93: =_xlfn.XLOOKUP(UPPER(TRIM(C93)), Lookup_Departments!$A$2:$A$6, Lookup_Departments!$B$2:$B$6, "Unknown Dept") -> Human Resources | I93: =DATEDIF(Table3[[#This Row],[Hire Date]],TODAY(),"Y") -> 9 | J93: =_xlfn.XLOOKUP(Table3[[#This Row],[Perf_Score]],Table2[Min_Score],Table2[Performance_Band],"N/A",-1) -> Achieving | K93: =_xlfn.XLOOKUP(Table3[[#This Row],[Performance Band]],Table2[Performance_Band],Table2[Bonus_Percentage],"N/A",0) -> 0.05 | L93: =Table3[[#This Row],[Salary]]*Table3[[#This Row],[Bonus percentage]] -> 2803.65 | M93: {=_xlfn.IFS(Table3[[#This Row],[Employment Status]]="LEFT","YES",Table3[[#This Row],[Employment Status]]="RESIGNED","YES","TRUE","NO")} -> NO
A94: EMP110 | B94: Melissa Johnson | C94: IT02 | D94: 43436 | E94: $88,056 | F94: 66 | G94: ACTIVE | H94: =_xlfn.XLOOKUP(UPPER(TRIM(C94)), Lookup_Departments!$A$2:$A$6, Lookup_Departments!$B$2:$B$6, "Unknown Dept") -> Information Technology | I94: =DATEDIF(Table3[[#This Row],[Hire Date]],TODAY(),"Y") -> 7 | J94: =_xlfn.XLOOKUP(Table3[[#This Row],[Perf_Score]],Table2[Min_Score],Table2[Performance_Band],"N/A",-1) -> Developing | K94: =_xlfn.XLOOKUP(Table3[[#This Row],[Performance Band]],Table2[Performance_Band],Table2[Bonus_Percentage],"N/A",0) -> 0.02 | L94: =Table3[[#This Row],[Salary]]*Table3[[#This Row],[Bonus percentage]] -> 1761.12 | M94: {=_xlfn.IFS(Table3[[#This Row],[Employment Status]]="LEFT","YES",Table3[[#This Row],[Employment Status]]="RESIGNED","YES","TRUE","NO")} -> NO
A95: EMP147 | B95: Thomas Miller | C95: ops06 | D95: 43639 | E95: 67414 | F95: 84 | G95: LEFT | H95: =_xlfn.XLOOKUP(UPPER(TRIM(C95)), Lookup_Departments!$A$2:$A$6, Lookup_Departments!$B$2:$B$6, "Unknown Dept") -> Unknown Dept | I95: =DATEDIF(Table3[[#This Row],[Hire Date]],TODAY(),"Y") -> 7 | J95: =_xlfn.XLOOKUP(Table3[[#This Row],[Perf_Score]],Table2[Min_Score],Table2[Performance_Band],"N/A",-1) -> Achieving | K95: =_xlfn.XLOOKUP(Table3[[#This Row],[Performance Band]],Table2[Performance_Band],Table2[Bonus_Percentage],"N/A",0) -> 0.05 | L95: =Table3[[#This Row],[Salary]]*Table3[[#This Row],[Bonus percentage]] -> 3370.7 | M95: {=_xlfn.IFS(Table3[[#This Row],[Employment Status]]="LEFT","YES",Table3[[#This Row],[Employment Status]]="RESIGNED","YES","TRUE","NO")} -> YES
A96: EMP050 | B96: William Gonzalez | C96: SAL05 | D96: 42304 | E96: $115,288 | F96: 61 | G96: ACTIVE | H96: =_xlfn.XLOOKUP(UPPER(TRIM(C96)), Lookup_Departments!$A$2:$A$6, Lookup_Departments!$B$2:$B$6, "Unknown Dept") -> Sales | I96: =DATEDIF(Table3[[#This Row],[Hire Date]],TODAY(),"Y") -> 10 | J96: =_xlfn.XLOOKUP(Table3[[#This Row],[Perf_Score]],Table2[Min_Score],Table2[Performance_Band],"N/A",-1) -> Developing | K96: =_xlfn.XLOOKUP(Table3[[#This Row],[Performance Band]],Table2[Performance_Band],Table2[Bonus_Percentage],"N/A",0) -> 0.02 | L96: =Table3[[#This Row],[Salary]]*Table3[[#This Row],[Bonus percentage]] -> 2305.76 | M96: {=_xlfn.IFS(Table3[[#This Row],[Employment Status]]="LEFT","YES",Table3[[#This Row],[Employment Status]]="RESIGNED","YES","TRUE","NO")} -> NO
A97: EMP036 | B97: N/A Smith | C97: SAL05 | D97: 43270 | E97: 80140 | F97: 58 | G97: ACTIVE | H97: =_xlfn.XLOOKUP(UPPER(TRIM(C97)), Lookup_Departments!$A$2:$A$6, Lookup_Departments!$B$2:$B$6, "Unknown Dept") -> Sales | I97: =DATEDIF(Table3[[#This Row],[Hire Date]],TODAY(),"Y") -> 8 | J97: =_xlfn.XLOOKUP(Table3[[#This Row],[Perf_Score]],Table2[Min_Score],Table2[Performance_Band],"N/A",-1) -> Developing | K97: =_xlfn.XLOOKUP(Table3[[#This Row],[Performance Band]],Table2[Performance_Band],Table2[Bonus_Percentage],"N/A",0) -> 0.02 | L97: =Table3[[#This Row],[Salary]]*Table3[[#This Row],[Bonus percentage]] -> 1602.8 | M97: {=_xlfn.IFS(Table3[[#This Row],[Employment Status]]="LEFT","YES",Table3[[#This Row],[Employment Status]]="RESIGNED","YES","TRUE","NO")} -> NO
A98: EMP081 | B98: John Johnson | C98: IT02 | D98: 43112 | E98: 73087 | F98: 69 | G98: ACTIVE | H98: =_xlfn.XLOOKUP(UPPER(TRIM(C98)), Lookup_Departments!$A$2:$A$6, Lookup_Departments!$B$2:$B$6, "Unknown Dept") -> Information Technology | I98: =DATEDIF(Table3[[#This Row],[Hire Date]],TODAY(),"Y") -> 8 | J98: =_xlfn.XLOOKUP(Table3[[#This Row],[Perf_Score]],Table2[Min_Score],Table2[Performance_Band],"N/A",-1) -> Developing | K98: =_xlfn.XLOOKUP(Table3[[#This Row],[Performance Band]],Table2[Performance_Band],Table2[Bonus_Percentage],"N/A",0) -> 0.02 | L98: =Table3[[#This Row],[Salary]]*Table3[[#This Row],[Bonus percentage]] -> 1461.74 | M98: {=_xlfn.IFS(Table3[[#This Row],[Employment Status]]="LEFT","YES",Table3[[#This Row],[Employment Status]]="RESIGNED","YES","TRUE","NO")} -> NO
A99: EMP078 | B99: Jane Johnson | C99: SAL05 | D99: 42008 | E99: 95292 | F99: 34 | G99: ACTIVE | H99: =_xlfn.XLOOKUP(UPPER(TRIM(C99)), Lookup_Departments!$A$2:$A$6, Lookup_Departments!$B$2:$B$6, "Unknown Dept") -> Sales | I99: =DATEDIF(Table3[[#This Row],[Hire Date]],TODAY(),"Y") -> 11 | J99: =_xlfn.XLOOKUP(Table3[[#This Row],[Perf_Score]],Table2[Min_Score],Table2[Performance_Band],"N/A",-1) -> Needs Improvement | K99: =_xlfn.XLOOKUP(Table3[[#This Row],[Performance Band]],Table2[Performance_Band],Table2[Bonus_Percentage],"N/A",0) -> 0 | L99: =Table3[[#This Row],[Salary]]*Table3[[#This Row],[Bonus percentage]] -> 0 | M99: {=_xlfn.IFS(Table3[[#This Row],[Employment Status]]="LEFT","YES",Table3[[#This Row],[Employment Status]]="RESIGNED","YES","TRUE","NO")} -> NO
A100: EMP035 | B100: John Jones | C100: IT02 | D100: 43439 | E100: 82713 | F100: 33 | G100: ACTIVE | H100: =_xlfn.XLOOKUP(UPPER(TRIM(C100)), Lookup_Departments!$A$2:$A$6, Lookup_Departments!$B$2:$B$6, "Unknown Dept") -> Information Technology | I100: =DATEDIF(Table3[[#This Row],[Hire Date]],TODAY(),"Y") -> 7 | J100: =_xlfn.XLOOKUP(Table3[[#This Row],[Perf_Score]],Table2[Min_Score],Table2[Performance_Band],"N/A",-1) -> Needs Improvement | K100: =_xlfn.XLOOKUP(Table3[[#This Row],[Performance Band]],Table2[Performance_Band],Table2[Bonus_Percentage],"N/A",0) -> 0 | L100: =Table3[[#This Row],[Salary]]*Table3[[#This Row],[Bonus percentage]] -> 0 | M100: {=_xlfn.IFS(Table3[[#This Row],[Employment Status]]="LEFT","YES",Table3[[#This Row],[Employment Status]]="RESIGNED","YES","TRUE","NO")} -> NO
A101: EMP047 | B101: Jane Lopez | C101: MKT04 | D101: 44482 | E101: 101750 | F101: 84 | G101: LEFT | H101: =_xlfn.XLOOKUP(UPPER(TRIM(C101)), Lookup_Departments!$A$2:$A$6, Lookup_Departments!$B$2:$B$6, "Unknown Dept") -> Marketing | I101: =DATEDIF(Table3[[#This Row],[Hire Date]],TODAY(),"Y") -> 4 | J101: =_xlfn.XLOOKUP(Table3[[#This Row],[Perf_Score]],Table2[Min_Score],Table2[Performance_Band],"N/A",-1) -> Achieving | K101: =_xlfn.XLOOKUP(Table3[[#This Row],[Performance Band]],Table2[Performance_Band],Table2[Bonus_Percentage],"N/A",0) -> 0.05 | L101: =Table3[[#This Row],[Salary]]*Table3[[#This Row],[Bonus percentage]] -> 5087.5 | M101: {=_xlfn.IFS(Table3[[#This Row],[Employment Status]]="LEFT","YES",Table3[[#This Row],[Employment Status]]="RESIGNED","YES","TRUE","NO")} -> YES
A102: EMP008 | B102: Melissa Gonzalez | C102: mkt04 | D102: 44081 | E102: 82992 | F102: 79 | G102: ACTIVE | H102: =_xlfn.XLOOKUP(UPPER(TRIM(C102)), Lookup_Departments!$A$2:$A$6, Lookup_Departments!$B$2:$B$6, "Unknown Dept") -> Marketing | I102: =DATEDIF(Table3[[#This Row],[Hire Date]],TODAY(),"Y") -> 5 | J102: =_xlfn.XLOOKUP(Table3[[#This Row],[Perf_Score]],Table2[Min_Score],Table2[Performance_Band],"N/A",-1) -> Achieving | K102: =_xlfn.XLOOKUP(Table3[[#This Row],[Performance Band]],Table2[Performance_Band],Table2[Bonus_Percentage],"N/A",0) -> 0.05 | L102: =Table3[[#This Row],[Salary]]*Table3[[#This Row],[Bonus percentage]] -> 4149.6 | M102: {=_xlfn.IFS(Table3[[#This Row],[Employment Status]]="LEFT","YES",Table3[[#This Row],[Employment Status]]="RESIGNED","YES","TRUE","NO")} -> NO
A103: EMP044 | B103: William Davis | C103: IT02 | D103: 43680 | E103: $49,942 | F103: 51 | G103: ACTIVE | H103: =_xlfn.XLOOKUP(UPPER(TRIM(C103)), Lookup_Departments!$A$2:$A$6, Lookup_Departments!$B$2:$B$6, "Unknown Dept") -> Information Technology | I103: =DATEDIF(Table3[[#This Row],[Hire Date]],TODAY(),"Y") -> 6 | J103: =_xlfn.XLOOKUP(Table3[[#This Row],[Perf_Score]],Table2[Min_Score],Table2[Performance_Band],"N/A",-1) -> Developing | K103: =_xlfn.XLOOKUP(Table3[[#This Row],[Performance Band]],Table2[Performance_Band],Table2[Bonus_Percentage],"N/A",0) -> 0.02 | L103: =Table3[[#This Row],[Salary]]*Table3[[#This Row],[Bonus percentage]] -> 998.84 | M103: {=_xlfn.IFS(Table3[[#This Row],[Employment Status]]="LEFT","YES",Table3[[#This Row],[Employment Status]]="RESIGNED","YES","TRUE","NO")} -> NO
...

Sheet Lookup_Departments
A1: Dept_Code | B1: Department_Name
A2: HR01 | B2: Human Resources
A3: IT02 | B3: Information Technology
A4: FIN03 | B4: Finance
A5: MKT04 | B5: Marketing
A6: SAL05 | B6: Sales
A7: OPS06 | B7: Operations

Sheet Lookup_Performance
A1: Min_Score | B1: Max_Score | C1: Performance_Band | D1: Bonus_Percentage
A2: 0 | B2: 49 | C2: Needs Improvement | D2: 0
A3: 50 | B3: 69 | C3: Developing | D3: 0.02
A4: 70 | B4: 84 | C4: Achieving | D4: 0.05
A5: 85 | B5: 94 | C5: Exceeding | D5: 0.08
A6: 95 | B6: 100 | C6: Outstanding | D6: 0.12

Sheet Analysis
A2: Headcount & Salary Analysis
A3: Row Labels | B3: Count of Emp ID | C3: Average of Salary | E3: Bonus Payout Analysis
A4: Human Resources | B4: 18 | C4: 88223.692 | E4: Row Labels | F4: Count of Eligible Bonus Amount
A5: Finance | B5: 17 | C5: 87938.5 | E5: Achieving | F5: 41
A6: Marketing | B6: 19 | C6: 86693.133 | E6: Developing | F6: 41
A7: Sales | B7: 31 | C7: 81083.353 | E7: Exceeding | F7: 22
A8: Information Technology | B8: 36 | C8: 79893.409 | E8: Needs Improvement | F8: 28
A9: Unknown Dept | B9: 29 | C9: 77933.083 | E9: Outstanding | F9: 18
A10: Grand Total | B10: 150 | C10: 82713.429 | E10: Grand Total | F10: 150
A12: Performance By Status Analysis | E12: Attrition Analysis
A13: Row Labels | B13: Count of Perf_Score | E13: Row Labels | F13: Count of Emp ID
A14: ACTIVE | B14: 29 | E14: Finance | F14: 17
A15: LEFT | B15: 11 | E15: Human Resources | F15: 18
A16: active | B16: 56 | E16: Information Technology | F16: 36
A17: Actv | B17: 31 | E17: Marketing | F17: 19
A18: Left | B18: 13 | E18: Sales | F18: 31
A19: Resigned | B19: 10 | E19: Unknown Dept | F19: 29
A20: Grand Total | B20: 150 | E20: Grand Total | F20: 150
A22: Employees Analysis
A23: Count of Emp ID
A24: 150

Sheet Dashboard

Sheet Hr Summary
A1: HR EXECUTIVE ANALYTICS SUMMARY
A3: Departmental Key Metrics (Headcount, Salary & Attrition)
A4: Department Name | B4: Total Headcount | C4: Average Salary | D4: Active Count | E4: Left Count | F4: Attrition Rate
A5: Human Resources | B5: =COUNTIF(Employee_Data!$H$2:$H$158, A5) -> 18 | C5: =AVERAGEIF(Employee_Data!$H$2:$H$158, A5, Employee_Data!$E$2:$E$158) -> 87830.071 | D5: =COUNTIFS(Employee_Data!$H$2:$H$158, A5, Employee_Data!$G$2:$G$158, "*active*") -> 15 | E5: =COUNTIFS(Employee_Data!$H$2:$H$158, A5, Employee_Data!$G$2:$G$158, "*left*") + COUNTIFS(Employee_Data!$H$2:$H$158, A5, Employee_Data!$G$2:$G$158, "*Resigned*") -> 3 | F5: =E5/B5 -> 0.16666667
A6: Information Technology | B6: =COUNTIF(Employee_Data!$H$2:$H$158, A6) -> 36 | C6: =AVERAGEIF(Employee_Data!$H$2:$H$158, A6, Employee_Data!$E$2:$E$158) -> 80415.556 | D6: =COUNTIFS(Employee_Data!$H$2:$H$158, A6, Employee_Data!$G$2:$G$158, "*active*") -> 28 | E6: =COUNTIFS(Employee_Data!$H$2:$H$158, A6, Employee_Data!$G$2:$G$158, "*left*") + COUNTIFS(Employee_Data!$H$2:$H$158, A6, Employee_Data!$G$2:$G$158, "*Resigned*") -> 8 | F6: =E6/B6 -> 0.22222222
A7: Finance | B7: =COUNTIF(Employee_Data!$H$2:$H$158, A7) -> 17 | C7: =AVERAGEIF(Employee_Data!$H$2:$H$158, A7, Employee_Data!$E$2:$E$158) -> 87016.353 | D7: =COUNTIFS(Employee_Data!$H$2:$H$158, A7, Employee_Data!$G$2:$G$158, "*active*") -> 14 | E7: =COUNTIFS(Employee_Data!$H$2:$H$158, A7, Employee_Data!$G$2:$G$158, "*left*") + COUNTIFS(Employee_Data!$H$2:$H$158, A7, Employee_Data!$G$2:$G$158, "*Resigned*") -> 3 | F7: =E7/B7 -> 0.17647059
A8: Marketing | B8: =COUNTIF(Employee_Data!$H$2:$H$158, A8) -> 19 | C8: =AVERAGEIF(Employee_Data!$H$2:$H$158, A8, Employee_Data!$E$2:$E$158) -> 86444.375 | D8: =COUNTIFS(Employee_Data!$H$2:$H$158, A8, Employee_Data!$G$2:$G$158, "*active*") -> 16 | E8: =COUNTIFS(Employee_Data!$H$2:$H$158, A8, Employee_Data!$G$2:$G$158, "*left*") + COUNTIFS(Employee_Data!$H$2:$H$158, A8, Employee_Data!$G$2:$G$158, "*Resigned*") -> 3 | F8: =E8/B8 -> 0.15789474
A9: Sales | B9: =COUNTIF(Employee_Data!$H$2:$H$158, A9) -> 31 | C9: =AVERAGEIF(Employee_Data!$H$2:$H$158, A9, Employee_Data!$E$2:$E$158) -> 81604.84 | D9: =COUNTIFS(Employee_Data!$H$2:$H$158, A9, Employee_Data!$G$2:$G$158, "*active*") -> 25 | E9: =COUNTIFS(Employee_Data!$H$2:$H$158, A9, Employee_Data!$G$2:$G$158, "*left*") + COUNTIFS(Employee_Data!$H$2:$H$158, A9, Employee_Data!$G$2:$G$158, "*Resigned*") -> 6 | F9: =E9/B9 -> 0.19354839
A10: Operations | B10: =COUNTIF(Employee_Data!$H$2:$H$158, A10) -> 0 | D10: =COUNTIFS(Employee_Data!$H$2:$H$158, A10, Employee_Data!$G$2:$G$158, "*active*") -> 0 | E10: =COUNTIFS(Employee_Data!$H$2:$H$158, A10, Employee_Data!$G$2:$G$158, "*left*") + COUNTIFS(Employee_Data!$H$2:$H$158, A10, Employee_Data!$G$2:$G$158, "*Resigned*") -> 0 | F10: 0
A11: Total / Average | B11: =SUM(B5:B10) -> 121 | C11: =AVERAGE(C5:C10) -> 84662.239 | D11: =SUM(D5:D10) -> 98 | E11: =SUM(E5:E10) -> 23 | F11: =E11/B11 -> 0.19008264
A14: Performance Analysis by Employment Status
A15: Employment Status | B15: Average Performance Score
A16: Active | B16: =AVERAGEIF(Employee_Data!$G$2:$G$158, "*active*", Employee_Data!$F$2:$F$158) -> 67.746054
A17: Left | B17: =(SUMIF(Employee_Data!$G$2:$G$158, "*left*", Employee_Data!$F$2:$F$158) + SUMIF(Employee_Data!$G$2:$G$158, "*Resigned*", Employee_Data!$F$2:$F$158)) / (COUNTIF(Employee_Data!$G$2:$G$158, "*left*") + COUNTIF(Employee_Data!$G$2:$G$158, "*Resigned*")) -> 69.208161
